segment_key,track_id,events,old_n_steps,event_count_match,rho_coordinate_max_abs_error_km,tau_nonincreasing_adjacent_pairs,tau_duplicate_fixes,tau_confirmation_reach_positive,rho_support_old,rho_support_rebuilt,rho_support_abs_error,eligible_records_min,eligible_records_median
WA_10SCRO2003F_GPSdata_RS.xlsx|0,WA_10SCRO2003F_GPSdata_RS.xlsx,63,63,True,1.5275558595817529e-12,1,0,True,43.74651881275844,43.74651881275844,0.0,1,6.0
WA_10SCRO2003H_GPSdata_RS.xlsx|1,WA_10SCRO2003H_GPSdata_RS.xlsx,106,106,True,2.1516122217235534e-12,0,0,True,122.75716821689286,122.75716821689286,0.0,1,3.5
WA_10SCRO2003J_GPSdata_RS.xlsx|1,WA_10SCRO2003J_GPSdata_RS.xlsx,173,173,True,1.3384848784880887e-12,0,0,True,29.15803589763027,29.15803589761913,1.1141310096718371e-11,1,3.0
WA_10SCRO2003K_GPSdata_RS.xlsx|0,WA_10SCRO2003K_GPSdata_RS.xlsx,43,43,True,2.078781591308143e-12,0,0,True,16.128062881595724,16.128062881595724,0.0,1,8.0
WA_10SCRO2003U_GPSdata_RS.xlsx|1,WA_10SCRO2003U_GPSdata_RS.xlsx,76,76,True,1.5498158312254873e-12,0,0,True,16.64146520009467,16.64146520009467,0.0,1,5.5
WA_10SCRO2004T_GPSdata_RS.xlsx|1,WA_10SCRO2004T_GPSdata_RS.xlsx,81,81,True,1.4130918657428992e-12,0,0,True,2.838262478292449,2.8382624782899484,2.5006663406657026e-12,1,12.0
WA_10SCRO2005S_GPSdata_RS.xlsx|0,WA_10SCRO2005S_GPSdata_RS.xlsx,50,50,True,1.7621459846850485e-12,1,1,True,6.418593887476334,6.418593887461441,1.48929757415317e-11,1,12.0
WA_Centurion20172018CRO15111_GPSdata_RS.xlsx|1,WA_Centurion20172018CRO15111_GPSdata_RS.xlsx,132,132,True,1.3111733920823099e-12,1,0,True,164.05946491473537,164.05946491473537,0.0,1,6.0
WA_Centurion20172018CRO15121_GPSdata_RS.xlsx|0,WA_Centurion20172018CRO15121_GPSdata_RS.xlsx,226,226,True,1.3944401189291966e-12,1,1,True,166.06308610516498,166.06308610516498,0.0,1,7.0
WA_Centurion20172018CRO15141_GPSdata_RS.xlsx|0,WA_Centurion20172018CRO15141_GPSdata_RS.xlsx,186,186,True,1.4079848398296235e-12,1,0,True,110.89973564865272,110.89973564865272,0.0,1,14.0
WA_Centurion20172018CRO15151_GPSdata_RS.xlsx|0,WA_Centurion20172018CRO15151_GPSdata_RS.xlsx,31,31,True,9.698908343125368e-13,0,0,True,3.0791730675573774,3.0791730675573774,0.0,1,11.0
WA_Centurion20172018CRO15152_GPSdata_RS.xlsx|0,WA_Centurion20172018CRO15152_GPSdata_RS.xlsx,37,37,True,1.3855583347321954e-12,0,0,True,0.266491593398996,0.2664915929472045,4.517914931057021e-10,2,26.0
WA_Centurion20172018CRO15211_GPSdata_RS.xlsx|0,WA_Centurion20172018CRO15211_GPSdata_RS.xlsx,240,240,True,1.4209744492177379e-12,5,3,True,376.719011644374,376.71901164437395,5.684341886080802e-14,1,5.0
WA_Centurion20172018CRO15221_GPSdata_RS.xlsx|0,WA_Centurion20172018CRO15221_GPSdata_RS.xlsx,576,576,True,1.298072760391733e-12,5,3,True,560.9764980934351,560.9764980934351,0.0,1,6.0
WA_Centurion20172018CRO15231_GPSdata_RS.xlsx|0,WA_Centurion20172018CRO15231_GPSdata_RS.xlsx,491,491,True,1.8876566976189224e-12,1,1,True,530.8558498450539,530.8558498450539,0.0,1,7.0
WA_Centurion20172018CRO15311_GPSdata_RS.xlsx|0,WA_Centurion20172018CRO15311_GPSdata_RS.xlsx,473,473,True,2.7844393457598926e-12,3,3,True,1046.3447864395025,1046.3447864395025,0.0,1,9.0
WA_Centurion20172018CRO15321_GPSdata_RS.xlsx|0,WA_Centurion20172018CRO15321_GPSdata_RS.xlsx,223,223,True,1.4921397450962104e-12,1,1,True,245.25603077615256,245.25603077618962,3.7061909097246826e-11,1,9.0
WA_Centurion20172018CRO15331_GPSdata_RS.xlsx|0,WA_Centurion20172018CRO15331_GPSdata_RS.xlsx,67,67,True,1.1478595851599493e-12,0,0,True,63.57055019569015,63.570550195690146,7.105427357601002e-15,1,6.0
WA_Centurion20172018CRO15332_GPSdata_RS.xlsx|0,WA_Centurion20172018CRO15332_GPSdata_RS.xlsx,72,72,True,8.604228440844963e-13,1,1,True,80.84521020128238,80.84521020128238,0.0,1,5.0
WA_Centurion20172018CRO15333_GPSdata_RS.xlsx|0,WA_Centurion20172018CRO15333_GPSdata_RS.xlsx,93,93,True,1.390221271435621e-12,2,2,True,150.9336431723142,150.9336431723142,0.0,1,4.0
WA_Centurion20172018CRO15411_GPSdata_RS.xlsx|0,WA_Centurion20172018CRO15411_GPSdata_RS.xlsx,322,322,True,1.4555023852835802e-12,4,1,True,889.2506833895595,889.2506833895595,0.0,1,7.5
WA_Centurion20172018CRO15421_GPSdata_RS.xlsx|0,WA_Centurion20172018CRO15421_GPSdata_RS.xlsx,69,69,True,9.71001057337162e-13,0,0,True,82.82651759344895,82.8265175934614,1.2448708730516955e-11,1,13.0
WA_Centurion20172018CRO15431_GPSdata_RS.xlsx|0,WA_Centurion20172018CRO15431_GPSdata_RS.xlsx,74,74,True,1.2363443602225743e-12,0,0,True,53.31458709515528,53.314587095155275,7.105427357601002e-15,1,13.5
WA_Centurion20172018CRO15511_GPSdata_RS.xlsx|0,WA_Centurion20172018CRO15511_GPSdata_RS.xlsx,174,174,True,6.998845947236987e-13,1,1,True,147.48787902230606,147.48787902230606,0.0,1,12.0
WA_Centurion20172018CRO15531_GPSdata_RS.xlsx|0,WA_Centurion20172018CRO15531_GPSdata_RS.xlsx,223,223,True,1.432409746371377e-12,1,0,True,219.4428526732368,219.44285267323676,5.684341886080802e-14,1,11.0
WA_Centurion20172018CRO15541_GPSdata_RS.xlsx|0,WA_Centurion20172018CRO15541_GPSdata_RS.xlsx,40,40,True,1.4050982599655981e-12,0,0,True,-1.294569084368845,-1.2945690843626494,6.1957106112231486e-12,1,16.0
WA_Centurion20172018CRO15542_GPSdata_RS.xlsx|0,WA_Centurion20172018CRO15542_GPSdata_RS.xlsx,49,49,True,8.382183835919932e-13,0,0,True,14.342621839139156,14.342621839139156,0.0,1,8.0
WA_Centurion20172018CRO15611_GPSdata_RS.xlsx|0,WA_Centurion20172018CRO15611_GPSdata_RS.xlsx,109,109,True,8.810729923425242e-13,1,1,True,131.54530857980194,131.54530857980194,0.0,1,13.0
WA_Centurion20172018CRO15621_GPSdata_RS.xlsx|0,WA_Centurion20172018CRO15621_GPSdata_RS.xlsx,152,152,True,1.6910917111090384e-12,0,0,True,23.692448998911004,23.692448998945792,3.4788172342814505e-11,1,16.0
WA_Centurion20172018CRO15631_GPSdata_RS.xlsx|0,WA_Centurion20172018CRO15631_GPSdata_RS.xlsx,320,320,True,1.407207683712386e-12,3,1,True,177.82855787273525,177.82855787273525,0.0,1,7.0
WA_Centurion20172018CRO15711_GPSdata_RS.xlsx|0,WA_Centurion20172018CRO15711_GPSdata_RS.xlsx,252,252,True,2.0738966099997924e-12,1,0,True,156.48396119760037,156.48396119758763,1.2732925824820995e-11,1,14.0
WA_Centurion20172018CRO15821_GPSdata_RS.xlsx|0,WA_Centurion20172018CRO15821_GPSdata_RS.xlsx,277,277,True,1.7854884237777924e-12,1,1,True,244.97784501237788,244.97784501237788,0.0,1,7.0
WA_Centurion20172018CRO15911_GPSdata_RS.xlsx|0,WA_Centurion20172018CRO15911_GPSdata_RS.xlsx,218,218,True,1.4073048282270406e-12,1,1,True,460.2372386483096,460.2372386483096,0.0,1,7.5
WA_Centurion20182019CRO14011_GPSdata_RS.xlsx|1,WA_Centurion20182019CRO14011_GPSdata_RS.xlsx,247,247,True,1.2791989689731054e-12,1,1,True,172.38581353248355,172.38581353248355,0.0,1,12.0
WA_Centurion20182019CRO18411_GPSdata_RS.xlsx|0,WA_Centurion20182019CRO18411_GPSdata_RS.xlsx,137,137,True,1.4148682225822995e-12,2,0,True,145.74459026666727,145.74459026666727,0.0,1,13.0
WA_Centurion20182019CRO18611_GPSdata_RS.xlsx|1,WA_Centurion20182019CRO18611_GPSdata_RS.xlsx,298,298,True,1.3482548411047901e-12,1,1,True,257.05127721158806,257.0512772118691,2.810338628478348e-10,1,12.0
WA_Centurion20182019CRO18621_GPSdata_RS.xlsx|0,WA_Centurion20182019CRO18621_GPSdata_RS.xlsx,208,208,True,9.823253321883385e-13,0,0,True,19.32199414445404,19.32199414443926,1.4782841617488884e-11,1,9.0
WA_Centurion20182019CRO18622_GPSdata_RS.xlsx|0,WA_Centurion20182019CRO18622_GPSdata_RS.xlsx,92,92,True,2.0516921495072893e-12,0,0,True,39.85576242021182,39.85576242021182,0.0,1,6.5
WA_Centurion20182019CRO18811_GPSdata_RS.xlsx|0,WA_Centurion20182019CRO18811_GPSdata_RS.xlsx,211,211,True,1.4344081478157023e-12,1,1,True,180.3130855760046,180.3130855760046,0.0,1,11.0
WA_Centurion20182019CRO18821_GPSdata_RS.xlsx|1,WA_Centurion20182019CRO18821_GPSdata_RS.xlsx,227,227,True,1.3737344595199374e-12,2,1,True,262.7399521148409,262.7399521148409,0.0,1,10.0
WA_Centurion20182019CRO18911_GPSdata_RS.xlsx|1,WA_Centurion20182019CRO18911_GPSdata_RS.xlsx,183,183,True,1.2482237465860635e-12,0,0,True,186.6840798347805,186.6840798347805,0.0,1,11.0
WA_Centurion20182019CRO18921_GPSdata_RS.xlsx|0,WA_Centurion20182019CRO18921_GPSdata_RS.xlsx,455,455,True,1.6711076966657856e-12,2,2,True,784.7806708546718,784.7806708546718,0.0,1,7.0
WA_Centurion20182019CRO19011_GPSdata_RS.xlsx|0,WA_Centurion20182019CRO19011_GPSdata_RS.xlsx,339,339,True,2.149391775674303e-12,3,2,True,261.4796858246805,261.4796858246805,0.0,1,10.0
WA_Centurion20182019CRO19021_GPSdata_RS.xlsx|0,WA_Centurion20182019CRO19021_GPSdata_RS.xlsx,146,146,True,1.4417356197782283e-12,0,0,True,233.33284481942317,233.33284481942314,2.842170943040401e-14,1,7.0
WA_Centurion20182019CRO19711_GPSdata_RS.xlsx|0,WA_Centurion20182019CRO19711_GPSdata_RS.xlsx,69,69,True,1.3944401189291966e-12,0,0,True,108.29353187110456,108.29353187110456,0.0,2,13.0
WA_Centurion20182019CRO19721_GPSdata_RS.xlsx|0,WA_Centurion20182019CRO19721_GPSdata_RS.xlsx,69,69,True,7.034373084024992e-13,1,0,True,14.446669007591083,14.446669007591083,0.0,1,11.0
WA_Centurion20182019CRO19731_GPSdata_RS.xlsx|0,WA_Centurion20182019CRO19731_GPSdata_RS.xlsx,150,150,True,1.1590728377086634e-12,1,1,True,151.3873123071587,151.3873123071587,0.0,1,16.0
WA_Centurion20182019CRO19921_GPSdata_RS.xlsx|0,WA_Centurion20182019CRO19921_GPSdata_RS.xlsx,110,110,True,1.6999734953060397e-12,1,0,True,40.04656753014888,40.04656753014888,0.0,1,8.0
WA_Centurion20182019CRO19932_GPSdata_RS.xlsx|1,WA_Centurion20182019CRO19932_GPSdata_RS.xlsx,299,299,True,2.0750068330244176e-12,1,0,True,31.90375943095273,31.903759431025037,7.23083815046266e-11,1,8.0
WA_Centurion20182019CRO19941_GPSdata_RS.xlsx|1,WA_Centurion20182019CRO19941_GPSdata_RS.xlsx,923,923,True,1.7685852782278744e-12,4,4,True,368.68143875983606,368.6814387598861,5.002220859751105e-11,1,4.0
WA_Centurion20182019CRO20111_GPSdata_RS.xlsx|0,WA_Centurion20182019CRO20111_GPSdata_RS.xlsx,37,37,True,7.371880883511039e-13,0,0,True,35.669594167127514,35.669594167127514,0.0,1,16.0
WA_Centurion20182019CRO20121_GPSdata_RS.xlsx|0,WA_Centurion20182019CRO20121_GPSdata_RS.xlsx,39,39,True,1.4428458428028534e-12,0,0,True,20.090589926295195,20.090589926295195,0.0,1,8.0
WA_Centurion20182019CRO20131_GPSdata_RS.xlsx|1,WA_Centurion20182019CRO20131_GPSdata_RS.xlsx,84,84,True,1.4228618283596006e-12,0,0,True,37.241943742995886,37.241943742995886,0.0,1,25.5
WA_Centurion20182019CRO20211_GPSdata_RS.xlsx|1,WA_Centurion20182019CRO20211_GPSdata_RS.xlsx,123,123,True,1.7905676941154525e-12,0,0,True,119.66330622492364,119.66330622492364,0.0,1,16.0
WA_Centurion20182019CRO20221_GPSdata_RS.xlsx|1,WA_Centurion20182019CRO20221_GPSdata_RS.xlsx,246,246,True,2.6209590053838383e-12,0,0,True,214.1341760590717,214.1341760590717,0.0,1,11.0
WA_Centurion20182019CRO20321_GPSdata_RS.xlsx|1,WA_Centurion20182019CRO20321_GPSdata_RS.xlsx,158,158,True,1.2505552149377763e-12,1,0,True,223.92904053611392,223.92904053622647,1.1254996934439987e-10,1,22.0
WA_Centurion20182019CRO20911_GPSdata_RS.xlsx|0,WA_Centurion20182019CRO20911_GPSdata_RS.xlsx,52,52,True,1.6328050023162177e-12,0,0,True,68.69665523953472,68.69665523953472,0.0,1,15.5
WA_Centurion20182019CRO20921_GPSdata_RS.xlsx|1,WA_Centurion20182019CRO20921_GPSdata_RS.xlsx,97,97,True,1.3429257705865894e-12,0,0,True,101.88391039422812,101.88391039423061,2.4868995751603507e-12,1,10.0
WA_Centurion20182019CRO20931_GPSdata_RS.xlsx|0,WA_Centurion20182019CRO20931_GPSdata_RS.xlsx,136,136,True,1.408095862132086e-12,1,1,True,83.8978035276823,83.89780352765797,2.432898327242583e-11,1,22.0
WA_Centurion20182019CRO21111_GPSdata_RS.xlsx|0,WA_Centurion20182019CRO21111_GPSdata_RS.xlsx,352,352,True,1.6344703368531555e-12,1,1,True,319.238594729072,319.23859472908,7.958078640513122e-12,1,7.0
WA_Centurion20182019CRO21121_GPSdata_RS.xlsx|0,WA_Centurion20182019CRO21121_GPSdata_RS.xlsx,118,118,True,1.1297629498585593e-12,0,0,True,56.69576242834614,56.69576242834614,0.0,1,12.5
WA_Centurion20182019CRO21211_GPSdata_RS.xlsx|0,WA_Centurion20182019CRO21211_GPSdata_RS.xlsx,112,112,True,1.396660564978447e-12,0,0,True,217.5282150150817,217.52821501508174,2.842170943040401e-14,1,16.5
WA_Centurion20182019CRO21221_GPSdata_RS.xlsx|0,WA_Centurion20182019CRO21221_GPSdata_RS.xlsx,46,46,True,8.57980353430321e-13,0,0,True,3.962964318530055,3.9629643185335226,3.467448550509289e-12,1,16.0
WA_Centurion20182019CRO21222_GPSdata_RS.xlsx|0,WA_Centurion20182019CRO21222_GPSdata_RS.xlsx,162,162,True,1.475486399726833e-12,0,0,True,194.2891167406065,194.28911674060646,2.842170943040401e-14,1,9.0
WA_Centurion20182019CRO21311_GPSdata_RS.xlsx|0,WA_Centurion20182019CRO21311_GPSdata_RS.xlsx,305,305,True,1.503019930737537e-12,3,1,True,736.9125577655279,736.9125577655645,3.660716174636036e-11,1,6.0
WA_Centurion20182019CRO21421_GPSdata_RS.xlsx|0,WA_Centurion20182019CRO21421_GPSdata_RS.xlsx,155,155,True,1.3695711231775931e-12,0,0,True,164.03444939703888,164.03444939703888,0.0,1,11.0
WA_Centurion20182019CRO21611_GPSdata_RS.xlsx|0,WA_Centurion20182019CRO21611_GPSdata_RS.xlsx,174,174,True,1.3532508447156033e-12,1,0,True,102.49558426874046,102.49558426874046,0.0,1,14.0
WA_Centurion20182019CRO21621_GPSdata_RS.xlsx|0,WA_Centurion20182019CRO21621_GPSdata_RS.xlsx,61,61,True,1.3482548411047901e-12,0,0,True,50.80910750066238,50.80910750066238,0.0,1,16.0
WA_Centurion20182019CRO21811_GPSdata_RS.xlsx|0,WA_Centurion20182019CRO21811_GPSdata_RS.xlsx,126,126,True,1.716848885280342e-12,1,0,True,17.047806369646196,17.04780636964631,1.1368683772161603e-13,1,9.5
WA_Centurion20182019CRO21821_GPSdata_RS.xlsx|0,WA_Centurion20182019CRO21821_GPSdata_RS.xlsx,423,423,True,2.045141833662001e-12,4,2,True,424.5252051845514,424.52520518453684,1.4551915228366852e-11,1,9.0
WA_Centurion20182019CRO21831_GPSdata_RS.xlsx|0,WA_Centurion20182019CRO21831_GPSdata_RS.xlsx,169,169,True,1.5025758415276869e-12,3,2,True,103.64570853575992,103.64570853575992,0.0,1,14.0
WA_Centurion20182019CRO22011_GPSdata_RS.xlsx|0,WA_Centurion20182019CRO22011_GPSdata_RS.xlsx,239,239,True,1.4093171074591737e-12,2,2,True,456.2113983752852,456.21139837528244,2.7853275241795927e-12,1,15.0
WA_Centurion20182019CRO22111_GPSdata_RS.xlsx|0,WA_Centurion20182019CRO22111_GPSdata_RS.xlsx,156,156,True,1.4210854715202004e-12,0,0,True,165.5014028278733,165.50140282785696,1.6342482922482304e-11,1,14.5
WA_Centurion20182019CRO22121_GPSdata_RS.xlsx|0,WA_Centurion20182019CRO22121_GPSdata_RS.xlsx,266,266,True,1.5762946503627973e-12,2,1,True,357.4217457192774,357.42174571927717,2.2737367544323206e-13,1,10.0
WA_Centurion20182019CRO22311_GPSdata_RS.xlsx|0,WA_Centurion20182019CRO22311_GPSdata_RS.xlsx,185,185,True,1.91446858366362e-12,0,0,True,319.02641596069,319.02641596069,0.0,1,10.0
WA_Centurion20182019CRO22321_GPSdata_RS.xlsx|0,WA_Centurion20182019CRO22321_GPSdata_RS.xlsx,300,300,True,1.283417816466681e-12,3,2,True,366.9661236179932,366.96612361804546,5.2239101933082566e-11,1,7.5
WA_XGPS20152016CRO10011_GPSdata_RS.xlsx|1,WA_XGPS20152016CRO10011_GPSdata_RS.xlsx,49,49,True,9.89319737243477e-13,0,0,True,76.9226999843844,76.9226999843844,0.0,1,4.0
WA_XGPS20152016CRO10311_GPSdata_RS.xlsx|1,WA_XGPS20152016CRO10311_GPSdata_RS.xlsx,189,189,True,1.1510792319313623e-12,1,1,True,338.7455362395583,338.7455362395583,0.0,1,5.0
WA_XGPS20152016CRO10321_GPSdata_RS.xlsx|1,WA_XGPS20152016CRO10321_GPSdata_RS.xlsx,127,127,True,1.304734098539484e-12,0,0,True,21.879974549402505,21.879974549402505,0.0,1,10.0
WA_XGPS20152016CRO10331_GPSdata_RS.xlsx|0,WA_XGPS20152016CRO10331_GPSdata_RS.xlsx,245,245,True,1.3073986337985843e-12,4,4,True,139.60459424558553,139.60459424558553,0.0,1,5.0
WA_XGPS20152016CRO10411_GPSdata_RS.xlsx|0,WA_XGPS20152016CRO10411_GPSdata_RS.xlsx,150,150,True,8.488765246283947e-13,0,0,True,252.8455725231654,252.8455725231654,0.0,1,3.0
WA_XGPS20152016CRO10421_GPSdata_RS.xlsx|0,WA_XGPS20152016CRO10421_GPSdata_RS.xlsx,156,156,True,1.3642420526593924e-12,0,0,True,51.86794836516356,51.867948365163556,7.105427357601002e-15,1,10.0
WA_XGPS20152016CRO10431_GPSdata_RS.xlsx|0,WA_XGPS20152016CRO10431_GPSdata_RS.xlsx,44,44,True,8.313350008393172e-13,0,0,True,16.262702750041456,16.262702750041456,0.0,1,35.0
WA_XGPS20152016CRO10441_GPSdata_RS.xlsx|1,WA_XGPS20152016CRO10441_GPSdata_RS.xlsx,95,95,True,1.4530598946294049e-12,0,0,True,41.33222282023246,41.332222820232346,1.1368683772161603e-13,1,16.0
WA_XGPS20152016CRO10621_GPSdata_RS.xlsx|0,WA_XGPS20152016CRO10621_GPSdata_RS.xlsx,77,77,True,2.120970066243899e-12,0,0,True,5.406846104050942,5.406846104050942,0.0,1,21.0
WA_XGPS20152016CRO10811_GPSdata_RS.xlsx|0,WA_XGPS20152016CRO10811_GPSdata_RS.xlsx,169,169,True,2.106925744982391e-12,0,0,True,176.28205991748473,176.28205991748473,0.0,1,4.0
WA_XGPS20152016CRO10821_GPSdata_RS.xlsx|0,WA_XGPS20152016CRO10821_GPSdata_RS.xlsx,39,39,True,7.087663789206999e-13,0,0,True,3.0851417233452594,3.0851417233466805,1.4210854715202004e-12,1,28.0
WA_XGPS20152016CRO10911_GPSdata_RS.xlsx|1,WA_XGPS20152016CRO10911_GPSdata_RS.xlsx,162,162,True,1.3935519405094965e-12,1,1,True,85.83035716287486,85.83035716287486,0.0,1,9.0
WA_XGPS20152016CRO20011_GPSdata_RS.xlsx|0,WA_XGPS20152016CRO20011_GPSdata_RS.xlsx,223,223,True,1.4508394485801546e-12,1,1,True,274.78677518915856,274.7867751891588,2.2737367544323206e-13,1,7.0
WA_XGPS20152016CRO20111_GPSdata_RS.xlsx|0,WA_XGPS20152016CRO20111_GPSdata_RS.xlsx,97,97,True,1.0302869668521453e-12,0,0,True,118.4319378540148,118.43193785401479,1.4210854715202004e-14,1,19.0
WA_XGPS20152016CRO20131_GPSdata_RS.xlsx|0,WA_XGPS20152016CRO20131_GPSdata_RS.xlsx,74,74,True,6.821210263296962e-13,1,1,True,150.26846322170002,150.26846322170275,2.7284841053187847e-12,1,7.0
WA_XGPS20152016CRO20311_GPSdata_RS.xlsx|0,WA_XGPS20152016CRO20311_GPSdata_RS.xlsx,154,154,True,1.4210854715202004e-12,0,0,True,20.932822929404097,20.932822929395,9.094947017729282e-12,1,4.0
WA_XGPS20152016CRO20321_GPSdata_RS.xlsx|0,WA_XGPS20152016CRO20321_GPSdata_RS.xlsx,144,144,True,9.586220706125914e-13,1,1,True,134.05986699298126,134.05986699298126,0.0,1,6.0
WA_XGPS20152016CRO20331_GPSdata_RS.xlsx|0,WA_XGPS20152016CRO20331_GPSdata_RS.xlsx,206,206,True,1.1226575225009583e-12,0,0,True,144.14621401593126,144.1462140158808,5.047695594839752e-11,1,9.5
WA_XGPS20152016CRO20341_GPSdata_RS.xlsx|1,WA_XGPS20152016CRO20341_GPSdata_RS.xlsx,111,111,True,1.3129497489217101e-12,0,0,True,84.80404309759024,84.80404309759024,0.0,1,17.0
WA_XGPS20152016CRO20511_GPSdata_RS.xlsx|0,WA_XGPS20152016CRO20511_GPSdata_RS.xlsx,116,116,True,1.4053203045705231e-12,0,0,True,156.1516976817104,156.1516976817104,0.0,1,6.0
WA_XGPS20152016CRO20521_GPSdata_RS.xlsx|0,WA_XGPS20152016CRO20521_GPSdata_RS.xlsx,119,119,True,8.881784197001252e-13,1,0,True,65.41844931374635,65.41844931374635,0.0,1,22.0
WA_XGPS20152016CRO20621_GPSdata_RS.xlsx|1,WA_XGPS20152016CRO20621_GPSdata_RS.xlsx,71,71,True,1.3878898030839082e-12,0,0,True,33.435129541545734,33.435129541545734,0.0,2,17.0
WA_XGPS20152016CRO20911_GPSdata_RS.xlsx|0,WA_XGPS20152016CRO20911_GPSdata_RS.xlsx,274,274,True,2.0605739337042905e-12,3,2,True,125.4396270058503,125.4396270058503,0.0,1,8.0
WA_XGPS20152016CRO20921_GPSdata_RS.xlsx|0,WA_XGPS20152016CRO20921_GPSdata_RS.xlsx,116,116,True,1.4725998198628076e-12,1,0,True,95.61538441687674,95.61538441687674,0.0,1,21.0
WA_XGPS20152016CRO21131_GPSdata_RS.xlsx|0,WA_XGPS20152016CRO21131_GPSdata_RS.xlsx,147,147,True,1.450506381672767e-12,1,1,True,150.89613834996908,150.89613834996908,0.0,1,18.0
WA_XGPS20162017CRO10211_GPSdata_RS.xlsx|0,WA_XGPS20162017CRO10211_GPSdata_RS.xlsx,93,93,True,1.4243606294428446e-12,2,0,True,229.3398773786538,229.3398773786107,4.3087311496492475e-11,1,6.0
WA_XGPS20162017CRO10221_GPSdata_RS.xlsx|0,WA_XGPS20162017CRO10221_GPSdata_RS.xlsx,186,186,True,1.0200729150255938e-12,3,2,True,152.42435999733266,152.42435999733266,0.0,1,5.0
WA_XGPS20162017CRO10231_GPSdata_RS.xlsx|0,WA_XGPS20162017CRO10231_GPSdata_RS.xlsx,175,175,True,1.5631940186722204e-12,0,0,True,227.1237612354132,227.1237612353625,5.070432962384075e-11,1,12.0
WA_XGPS20162017CRO10321_GPSdata_RS.xlsx|0,WA_XGPS20162017CRO10321_GPSdata_RS.xlsx,236,236,True,1.4863665853681596e-12,2,2,True,97.39904168755128,97.39904168755129,1.4210854715202004e-14,1,5.0
WA_XGPS20162017CRO10331_GPSdata_RS.xlsx|0,WA_XGPS20162017CRO10331_GPSdata_RS.xlsx,90,90,True,1.1648459974367142e-12,1,0,True,65.20863083510562,65.20863083510562,0.0,2,16.0
WA_XGPS20162017CRO10411_GPSdata_RS.xlsx|0,WA_XGPS20162017CRO10411_GPSdata_RS.xlsx,62,62,True,8.641976023682219e-13,0,0,True,27.712996615188786,27.712996615188786,0.0,2,23.0
WA_XGPS20162017CRO10421_GPSdata_RS.xlsx|0,WA_XGPS20162017CRO10421_GPSdata_RS.xlsx,151,151,True,1.4508394485801546e-12,0,0,True,252.99178384434435,252.99178384434435,0.0,1,7.0
WA_XGPS20162017CRO10431_GPSdata_RS.xlsx|0,WA_XGPS20162017CRO10431_GPSdata_RS.xlsx,68,68,True,8.788525462932739e-13,0,0,True,67.79047268820955,67.79047268820955,0.0,1,8.0
WA_XGPS20162017CRO10621_GPSdata_RS.xlsx|0,WA_XGPS20162017CRO10621_GPSdata_RS.xlsx,336,336,True,1.4654943925052066e-12,4,3,True,17.593177115038998,17.593177115038998,0.0,1,11.0
WA_XGPS20162017CRO10631_GPSdata_RS.xlsx|0,WA_XGPS20162017CRO10631_GPSdata_RS.xlsx,171,171,True,1.4210854715202004e-12,2,2,True,144.6569291702558,144.656929170254,1.8189894035458565e-12,1,13.0
WA_XGPS20162017CRO20121_GPSdata_RS.xlsx|0,WA_XGPS20162017CRO20121_GPSdata_RS.xlsx,70,70,True,6.505906924303417e-13,0,0,True,13.1349495511472,13.134949551147201,1.7763568394002505e-15,1,28.5
WA_XGPS20162017CRO20221_GPSdata_RS.xlsx|0,WA_XGPS20162017CRO20221_GPSdata_RS.xlsx,64,64,True,1.3358203432289883e-12,0,0,True,30.595961257291265,30.595961257291265,0.0,2,25.0
WA_XGPS20162017CRO20321_GPSdata_RS.xlsx|0,WA_XGPS20162017CRO20321_GPSdata_RS.xlsx,74,74,True,1.108391156634525e-12,1,1,True,38.4787012163074,38.4787012163074,0.0,1,7.0
WA_XGPS20162017CRO20411_GPSdata_RS.xlsx|0,WA_XGPS20162017CRO20411_GPSdata_RS.xlsx,186,186,True,1.4921397450962104e-12,1,1,True,345.44844374890295,345.44844374890295,0.0,1,6.0
WA_XGPS20162017CRO20921_GPSdata_RS.xlsx|0,WA_XGPS20162017CRO20921_GPSdata_RS.xlsx,62,62,True,1.4299672557172016e-12,0,0,True,16.57225082883906,16.57225082884014,1.0800249583553523e-12,1,9.0
WA_XGPS20162017CRO20931_GPSdata_RS.xlsx|0,WA_XGPS20162017CRO20931_GPSdata_RS.xlsx,165,165,True,1.3811174426336947e-12,0,0,True,80.72292254171134,80.72292254171134,0.0,1,20.0
WA_XGPS20172018CRO10211_GPSdata_RS.xlsx|0,WA_XGPS20172018CRO10211_GPSdata_RS.xlsx,202,202,True,1.48947520983711e-12,0,0,True,30.870067940248877,30.870067940248873,3.552713678800501e-15,1,16.0
WA_XGPS20172018CRO10311_GPSdata_RS.xlsx|0,WA_XGPS20172018CRO10311_GPSdata_RS.xlsx,194,194,True,1.680433570072637e-12,1,0,True,228.56835740977797,228.56835740977795,2.842170943040401e-14,1,8.0
WA_XGPS20172018CRO10321_GPSdata_RS.xlsx|0,WA_XGPS20172018CRO10321_GPSdata_RS.xlsx,128,128,True,1.5083490012557377e-12,1,1,True,83.88002726439709,83.88002726450316,1.0606981959426776e-10,1,13.0
WA_XGPS20172018CRO10331_GPSdata_RS.xlsx|0,WA_XGPS20172018CRO10331_GPSdata_RS.xlsx,80,80,True,1.4930279235159105e-12,0,0,True,7.531743230373081,7.531743230373081,0.0,1,8.0
WA_XGPS20172018CRO10411_GPSdata_RS.xlsx|0,WA_XGPS20172018CRO10411_GPSdata_RS.xlsx,129,129,True,8.828493491819245e-13,1,1,True,97.2676453239602,97.26764532396021,1.4210854715202004e-14,1,14.0
WA_XGPS20172018CRO10421_GPSdata_RS.xlsx|0,WA_XGPS20172018CRO10421_GPSdata_RS.xlsx,387,387,True,1.7669199436909366e-12,1,0,True,293.39023528169446,293.39023528169446,0.0,1,7.0
WA_XGPS20172018CRO10611_GPSdata_RS.xlsx|0,WA_XGPS20172018CRO10611_GPSdata_RS.xlsx,252,252,True,1.240785252321075e-12,1,1,True,432.8887540608614,432.8887540608614,0.0,1,8.5
WA_XGPS20172018CRO20111_GPSdata_RS.xlsx|0,WA_XGPS20172018CRO20111_GPSdata_RS.xlsx,118,118,True,1.7692514120426495e-12,3,1,True,71.91161831538761,71.91161831538761,0.0,1,21.0
WA_XGPS20172018CRO20411_GPSdata_RS.xlsx|0,WA_XGPS20172018CRO20411_GPSdata_RS.xlsx,326,326,True,1.935340776526573e-12,2,1,True,208.60174761410732,208.60174761273493,1.3723990832659183e-09,1,9.5
WA_XGPS20172018CRO20911_GPSdata_RS.xlsx|0,WA_XGPS20172018CRO20911_GPSdata_RS.xlsx,389,389,True,2.1316282072803006e-12,3,2,True,1000.9871644495432,1000.9871644495433,1.1368683772161603e-13,1,5.0
WA_XGPS20172018CRO20922_GPSdata_RS.xlsx|0,WA_XGPS20172018CRO20922_GPSdata_RS.xlsx,131,131,True,1.169730978745065e-12,2,2,True,69.36546267993526,69.36546267993526,0.0,1,8.0
WA_Xspoutnik20172018CRO10911_GPSdata_RS.xlsx|0,WA_Xspoutnik20172018CRO10911_GPSdata_RS.xlsx,164,164,True,1.3669065879184927e-12,0,0,True,293.5290305250644,293.5290305250644,0.0,1,8.5
