sheet,csv_file,figure_panels,row_unit,primary_key,rows,columns,csv_sha256
Fig1,source_data_csv/Fig1.csv,"Main Figure 1, panels a-e",One source-data record; panel and record_type identify panel-specific schema.,panel + record_type + event_key or family + estimand,40,42,1e03f9dc1dfde34ae6501fe56fa2caa26000be6bf7322680cc5e74c46b3005f4
Fig2,source_data_csv/Fig2.csv,"Main Figure 2, panels a-d",One source-data record; panel and record_type identify panel-specific schema.,panel + dataset + scale_m + estimand or time bin,40,33,6d1b586fc2ae93802390ec2e5b6719cb7de78112e0a8409306907eef04ca0373
Fig3,source_data_csv/Fig3.csv,"Main Figure 3, panels a-f",One source-data record; panel and record_type identify panel-specific schema.,panel + record_type + dataset + scale_m + model term or tertile cell,52,16,3f5fd6534513021fae308a9e591531b8cb75162754c2db1c732c0bae97000ff9
Fig4,source_data_csv/Fig4.csv,"Main Figure 4, panels a-d",One source-data record; panel and record_type identify panel-specific schema.,panel + record_type + replicate or event position,1022,45,8d75d5cbd3561ccbde69c95b5d7921bab3dfedd86c7cfac3da6334b35573f913
FigS1,source_data_csv/FigS1.csv,"Supplementary Figure 1, panels a-b",One source-data record; panel and record_type identify panel-specific schema.,panel + system + metric + x_value,1703,7,5339ce7ed04cc85ed5ab20a060dff5c816af486dfe2106126958651aa73c04b7
FigS2,source_data_csv/FigS2.csv,"Supplementary Figure 2, panels a-f",One source-data record; panel and record_type identify panel-specific schema.,dataset + scale_m + family + estimand,90,17,2da2a142f2b7886dd3db2a7fc4a1442321d5f10e5bc726b30506d518fde09890
FigS3,source_data_csv/FigS3.csv,"Supplementary Figure 3, panels a-d",One source-data record; panel and record_type identify panel-specific schema.,panel + scale_m + estimand or tertile cell,33,41,15e8d771be2d9d404143c6c0c0080fc7f876ba944ff1978c09e66aace4e114cf
FigS4,source_data_csv/FigS4.csv,"Supplementary Figure 4, panels a-d",One source-data record; panel and record_type identify panel-specific schema.,panel + system + scale_m + estimand,35,12,2caf20c3f931bca1cfd73add2e61c4fb213cae66c58b1f9b072828418c989175
FigS5,source_data_csv/FigS5.csv,"Supplementary Figure 5, panels a-d",One source-data record; panel and record_type identify panel-specific schema.,panel + record_type + replicate or property,1003,10,abde203e9077742d8d3633e7be3df9419405d0a4170e5c97be09fe24e78d50f5
