segment_key,track_id,events,old_n_steps,event_count_match,rho_coordinate_max_abs_error_km,tau_nonincreasing_adjacent_pairs,tau_duplicate_fixes,tau_confirmation_reach_positive,rho_support_old,rho_support_rebuilt,rho_support_abs_error,eligible_records_min,eligible_records_median,panel,replicate,rho_chl_support,rho_chl_median_log_length
WA_10SCRO2003F_GPSdata_RS.xlsx|0,WA_10SCRO2003F_GPSdata_RS.xlsx,63.0,63.0,True,1.5275558595817529e-12,1.0,0.0,True,43.74651881275844,43.74651881275844,0.0,1.0,6.0,a-c,,,
WA_10SCRO2003H_GPSdata_RS.xlsx|1,WA_10SCRO2003H_GPSdata_RS.xlsx,106.0,106.0,True,2.1516122217235534e-12,0.0,0.0,True,122.75716821689286,122.75716821689286,0.0,1.0,3.5,a-c,,,
WA_10SCRO2003J_GPSdata_RS.xlsx|1,WA_10SCRO2003J_GPSdata_RS.xlsx,173.0,173.0,True,1.338484878488089e-12,0.0,0.0,True,29.15803589763027,29.15803589761913,1.1141310096718373e-11,1.0,3.0,a-c,,,
WA_10SCRO2003K_GPSdata_RS.xlsx|0,WA_10SCRO2003K_GPSdata_RS.xlsx,43.0,43.0,True,2.078781591308143e-12,0.0,0.0,True,16.128062881595724,16.128062881595724,0.0,1.0,8.0,a-c,,,
WA_10SCRO2003U_GPSdata_RS.xlsx|1,WA_10SCRO2003U_GPSdata_RS.xlsx,76.0,76.0,True,1.5498158312254873e-12,0.0,0.0,True,16.64146520009467,16.64146520009467,0.0,1.0,5.5,a-c,,,
WA_10SCRO2004T_GPSdata_RS.xlsx|1,WA_10SCRO2004T_GPSdata_RS.xlsx,81.0,81.0,True,1.4130918657428992e-12,0.0,0.0,True,2.838262478292449,2.8382624782899484,2.5006663406657026e-12,1.0,12.0,a-c,,,
WA_10SCRO2005S_GPSdata_RS.xlsx|0,WA_10SCRO2005S_GPSdata_RS.xlsx,50.0,50.0,True,1.7621459846850485e-12,1.0,1.0,True,6.418593887476334,6.418593887461441,1.48929757415317e-11,1.0,12.0,a-c,,,
WA_Centurion20172018CRO15111_GPSdata_RS.xlsx|1,WA_Centurion20172018CRO15111_GPSdata_RS.xlsx,132.0,132.0,True,1.31117339208231e-12,1.0,0.0,True,164.05946491473537,164.05946491473537,0.0,1.0,6.0,a-c,,,
WA_Centurion20172018CRO15121_GPSdata_RS.xlsx|0,WA_Centurion20172018CRO15121_GPSdata_RS.xlsx,226.0,226.0,True,1.3944401189291966e-12,1.0,1.0,True,166.06308610516498,166.06308610516498,0.0,1.0,7.0,a-c,,,
WA_Centurion20172018CRO15141_GPSdata_RS.xlsx|0,WA_Centurion20172018CRO15141_GPSdata_RS.xlsx,186.0,186.0,True,1.4079848398296237e-12,1.0,0.0,True,110.89973564865272,110.89973564865272,0.0,1.0,14.0,a-c,,,
WA_Centurion20172018CRO15151_GPSdata_RS.xlsx|0,WA_Centurion20172018CRO15151_GPSdata_RS.xlsx,31.0,31.0,True,9.698908343125368e-13,0.0,0.0,True,3.0791730675573774,3.0791730675573774,0.0,1.0,11.0,a-c,,,
WA_Centurion20172018CRO15152_GPSdata_RS.xlsx|0,WA_Centurion20172018CRO15152_GPSdata_RS.xlsx,37.0,37.0,True,1.3855583347321954e-12,0.0,0.0,True,0.266491593398996,0.2664915929472045,4.5179149310570205e-10,2.0,26.0,a-c,,,
WA_Centurion20172018CRO15211_GPSdata_RS.xlsx|0,WA_Centurion20172018CRO15211_GPSdata_RS.xlsx,240.0,240.0,True,1.420974449217738e-12,5.0,3.0,True,376.719011644374,376.719011644374,5.684341886080803e-14,1.0,5.0,a-c,,,
WA_Centurion20172018CRO15221_GPSdata_RS.xlsx|0,WA_Centurion20172018CRO15221_GPSdata_RS.xlsx,576.0,576.0,True,1.298072760391733e-12,5.0,3.0,True,560.9764980934351,560.9764980934351,0.0,1.0,6.0,a-c,,,
WA_Centurion20172018CRO15231_GPSdata_RS.xlsx|0,WA_Centurion20172018CRO15231_GPSdata_RS.xlsx,491.0,491.0,True,1.8876566976189224e-12,1.0,1.0,True,530.8558498450539,530.8558498450539,0.0,1.0,7.0,a-c,,,
WA_Centurion20172018CRO15311_GPSdata_RS.xlsx|0,WA_Centurion20172018CRO15311_GPSdata_RS.xlsx,473.0,473.0,True,2.784439345759893e-12,3.0,3.0,True,1046.3447864395025,1046.3447864395025,0.0,1.0,9.0,a-c,,,
WA_Centurion20172018CRO15321_GPSdata_RS.xlsx|0,WA_Centurion20172018CRO15321_GPSdata_RS.xlsx,223.0,223.0,True,1.4921397450962104e-12,1.0,1.0,True,245.25603077615256,245.2560307761896,3.7061909097246826e-11,1.0,9.0,a-c,,,
WA_Centurion20172018CRO15331_GPSdata_RS.xlsx|0,WA_Centurion20172018CRO15331_GPSdata_RS.xlsx,67.0,67.0,True,1.1478595851599493e-12,0.0,0.0,True,63.57055019569015,63.57055019569015,7.105427357601002e-15,1.0,6.0,a-c,,,
WA_Centurion20172018CRO15332_GPSdata_RS.xlsx|0,WA_Centurion20172018CRO15332_GPSdata_RS.xlsx,72.0,72.0,True,8.604228440844963e-13,1.0,1.0,True,80.84521020128238,80.84521020128238,0.0,1.0,5.0,a-c,,,
WA_Centurion20172018CRO15333_GPSdata_RS.xlsx|0,WA_Centurion20172018CRO15333_GPSdata_RS.xlsx,93.0,93.0,True,1.390221271435621e-12,2.0,2.0,True,150.9336431723142,150.9336431723142,0.0,1.0,4.0,a-c,,,
WA_Centurion20172018CRO15411_GPSdata_RS.xlsx|0,WA_Centurion20172018CRO15411_GPSdata_RS.xlsx,322.0,322.0,True,1.4555023852835802e-12,4.0,1.0,True,889.2506833895595,889.2506833895595,0.0,1.0,7.5,a-c,,,
WA_Centurion20172018CRO15421_GPSdata_RS.xlsx|0,WA_Centurion20172018CRO15421_GPSdata_RS.xlsx,69.0,69.0,True,9.71001057337162e-13,0.0,0.0,True,82.82651759344895,82.8265175934614,1.2448708730516955e-11,1.0,13.0,a-c,,,
WA_Centurion20172018CRO15431_GPSdata_RS.xlsx|0,WA_Centurion20172018CRO15431_GPSdata_RS.xlsx,74.0,74.0,True,1.2363443602225745e-12,0.0,0.0,True,53.31458709515528,53.31458709515528,7.105427357601002e-15,1.0,13.5,a-c,,,
WA_Centurion20172018CRO15511_GPSdata_RS.xlsx|0,WA_Centurion20172018CRO15511_GPSdata_RS.xlsx,174.0,174.0,True,6.998845947236987e-13,1.0,1.0,True,147.48787902230606,147.48787902230606,0.0,1.0,12.0,a-c,,,
WA_Centurion20172018CRO15531_GPSdata_RS.xlsx|0,WA_Centurion20172018CRO15531_GPSdata_RS.xlsx,223.0,223.0,True,1.432409746371377e-12,1.0,0.0,True,219.4428526732368,219.4428526732368,5.684341886080803e-14,1.0,11.0,a-c,,,
WA_Centurion20172018CRO15541_GPSdata_RS.xlsx|0,WA_Centurion20172018CRO15541_GPSdata_RS.xlsx,40.0,40.0,True,1.4050982599655981e-12,0.0,0.0,True,-1.294569084368845,-1.2945690843626494,6.195710611223149e-12,1.0,16.0,a-c,,,
WA_Centurion20172018CRO15542_GPSdata_RS.xlsx|0,WA_Centurion20172018CRO15542_GPSdata_RS.xlsx,49.0,49.0,True,8.382183835919932e-13,0.0,0.0,True,14.342621839139156,14.342621839139156,0.0,1.0,8.0,a-c,,,
WA_Centurion20172018CRO15611_GPSdata_RS.xlsx|0,WA_Centurion20172018CRO15611_GPSdata_RS.xlsx,109.0,109.0,True,8.810729923425242e-13,1.0,1.0,True,131.54530857980194,131.54530857980194,0.0,1.0,13.0,a-c,,,
WA_Centurion20172018CRO15621_GPSdata_RS.xlsx|0,WA_Centurion20172018CRO15621_GPSdata_RS.xlsx,152.0,152.0,True,1.6910917111090384e-12,0.0,0.0,True,23.692448998911004,23.692448998945792,3.4788172342814505e-11,1.0,16.0,a-c,,,
WA_Centurion20172018CRO15631_GPSdata_RS.xlsx|0,WA_Centurion20172018CRO15631_GPSdata_RS.xlsx,320.0,320.0,True,1.407207683712386e-12,3.0,1.0,True,177.82855787273525,177.82855787273525,0.0,1.0,7.0,a-c,,,
WA_Centurion20172018CRO15711_GPSdata_RS.xlsx|0,WA_Centurion20172018CRO15711_GPSdata_RS.xlsx,252.0,252.0,True,2.0738966099997924e-12,1.0,0.0,True,156.48396119760037,156.48396119758763,1.2732925824820995e-11,1.0,14.0,a-c,,,
WA_Centurion20172018CRO15821_GPSdata_RS.xlsx|0,WA_Centurion20172018CRO15821_GPSdata_RS.xlsx,277.0,277.0,True,1.7854884237777924e-12,1.0,1.0,True,244.97784501237788,244.97784501237788,0.0,1.0,7.0,a-c,,,
WA_Centurion20172018CRO15911_GPSdata_RS.xlsx|0,WA_Centurion20172018CRO15911_GPSdata_RS.xlsx,218.0,218.0,True,1.4073048282270406e-12,1.0,1.0,True,460.2372386483096,460.2372386483096,0.0,1.0,7.5,a-c,,,
WA_Centurion20182019CRO14011_GPSdata_RS.xlsx|1,WA_Centurion20182019CRO14011_GPSdata_RS.xlsx,247.0,247.0,True,1.2791989689731054e-12,1.0,1.0,True,172.38581353248355,172.38581353248355,0.0,1.0,12.0,a-c,,,
WA_Centurion20182019CRO18411_GPSdata_RS.xlsx|0,WA_Centurion20182019CRO18411_GPSdata_RS.xlsx,137.0,137.0,True,1.4148682225822997e-12,2.0,0.0,True,145.74459026666727,145.74459026666727,0.0,1.0,13.0,a-c,,,
WA_Centurion20182019CRO18611_GPSdata_RS.xlsx|1,WA_Centurion20182019CRO18611_GPSdata_RS.xlsx,298.0,298.0,True,1.3482548411047901e-12,1.0,1.0,True,257.05127721158806,257.0512772118691,2.8103386284783477e-10,1.0,12.0,a-c,,,
WA_Centurion20182019CRO18621_GPSdata_RS.xlsx|0,WA_Centurion20182019CRO18621_GPSdata_RS.xlsx,208.0,208.0,True,9.823253321883385e-13,0.0,0.0,True,19.32199414445404,19.32199414443926,1.4782841617488884e-11,1.0,9.0,a-c,,,
WA_Centurion20182019CRO18622_GPSdata_RS.xlsx|0,WA_Centurion20182019CRO18622_GPSdata_RS.xlsx,92.0,92.0,True,2.0516921495072893e-12,0.0,0.0,True,39.85576242021182,39.85576242021182,0.0,1.0,6.5,a-c,,,
WA_Centurion20182019CRO18811_GPSdata_RS.xlsx|0,WA_Centurion20182019CRO18811_GPSdata_RS.xlsx,211.0,211.0,True,1.4344081478157025e-12,1.0,1.0,True,180.3130855760046,180.3130855760046,0.0,1.0,11.0,a-c,,,
WA_Centurion20182019CRO18821_GPSdata_RS.xlsx|1,WA_Centurion20182019CRO18821_GPSdata_RS.xlsx,227.0,227.0,True,1.3737344595199374e-12,2.0,1.0,True,262.7399521148409,262.7399521148409,0.0,1.0,10.0,a-c,,,
WA_Centurion20182019CRO18911_GPSdata_RS.xlsx|1,WA_Centurion20182019CRO18911_GPSdata_RS.xlsx,183.0,183.0,True,1.2482237465860637e-12,0.0,0.0,True,186.6840798347805,186.6840798347805,0.0,1.0,11.0,a-c,,,
WA_Centurion20182019CRO18921_GPSdata_RS.xlsx|0,WA_Centurion20182019CRO18921_GPSdata_RS.xlsx,455.0,455.0,True,1.6711076966657856e-12,2.0,2.0,True,784.7806708546718,784.7806708546718,0.0,1.0,7.0,a-c,,,
WA_Centurion20182019CRO19011_GPSdata_RS.xlsx|0,WA_Centurion20182019CRO19011_GPSdata_RS.xlsx,339.0,339.0,True,2.149391775674303e-12,3.0,2.0,True,261.4796858246805,261.4796858246805,0.0,1.0,10.0,a-c,,,
WA_Centurion20182019CRO19021_GPSdata_RS.xlsx|0,WA_Centurion20182019CRO19021_GPSdata_RS.xlsx,146.0,146.0,True,1.4417356197782285e-12,0.0,0.0,True,233.3328448194232,233.33284481942317,2.8421709430404014e-14,1.0,7.0,a-c,,,
WA_Centurion20182019CRO19711_GPSdata_RS.xlsx|0,WA_Centurion20182019CRO19711_GPSdata_RS.xlsx,69.0,69.0,True,1.3944401189291966e-12,0.0,0.0,True,108.29353187110456,108.29353187110456,0.0,2.0,13.0,a-c,,,
WA_Centurion20182019CRO19721_GPSdata_RS.xlsx|0,WA_Centurion20182019CRO19721_GPSdata_RS.xlsx,69.0,69.0,True,7.034373084024992e-13,1.0,0.0,True,14.446669007591083,14.446669007591083,0.0,1.0,11.0,a-c,,,
WA_Centurion20182019CRO19731_GPSdata_RS.xlsx|0,WA_Centurion20182019CRO19731_GPSdata_RS.xlsx,150.0,150.0,True,1.1590728377086634e-12,1.0,1.0,True,151.3873123071587,151.3873123071587,0.0,1.0,16.0,a-c,,,
WA_Centurion20182019CRO19921_GPSdata_RS.xlsx|0,WA_Centurion20182019CRO19921_GPSdata_RS.xlsx,110.0,110.0,True,1.6999734953060397e-12,1.0,0.0,True,40.04656753014888,40.04656753014888,0.0,1.0,8.0,a-c,,,
WA_Centurion20182019CRO19932_GPSdata_RS.xlsx|1,WA_Centurion20182019CRO19932_GPSdata_RS.xlsx,299.0,299.0,True,2.0750068330244176e-12,1.0,0.0,True,31.90375943095273,31.90375943102504,7.23083815046266e-11,1.0,8.0,a-c,,,
WA_Centurion20182019CRO19941_GPSdata_RS.xlsx|1,WA_Centurion20182019CRO19941_GPSdata_RS.xlsx,923.0,923.0,True,1.7685852782278746e-12,4.0,4.0,True,368.68143875983606,368.6814387598861,5.0022208597511047e-11,1.0,4.0,a-c,,,
WA_Centurion20182019CRO20111_GPSdata_RS.xlsx|0,WA_Centurion20182019CRO20111_GPSdata_RS.xlsx,37.0,37.0,True,7.371880883511039e-13,0.0,0.0,True,35.669594167127514,35.669594167127514,0.0,1.0,16.0,a-c,,,
WA_Centurion20182019CRO20121_GPSdata_RS.xlsx|0,WA_Centurion20182019CRO20121_GPSdata_RS.xlsx,39.0,39.0,True,1.4428458428028534e-12,0.0,0.0,True,20.090589926295195,20.090589926295195,0.0,1.0,8.0,a-c,,,
WA_Centurion20182019CRO20131_GPSdata_RS.xlsx|1,WA_Centurion20182019CRO20131_GPSdata_RS.xlsx,84.0,84.0,True,1.4228618283596006e-12,0.0,0.0,True,37.241943742995886,37.241943742995886,0.0,1.0,25.5,a-c,,,
WA_Centurion20182019CRO20211_GPSdata_RS.xlsx|1,WA_Centurion20182019CRO20211_GPSdata_RS.xlsx,123.0,123.0,True,1.7905676941154525e-12,0.0,0.0,True,119.66330622492364,119.66330622492364,0.0,1.0,16.0,a-c,,,
WA_Centurion20182019CRO20221_GPSdata_RS.xlsx|1,WA_Centurion20182019CRO20221_GPSdata_RS.xlsx,246.0,246.0,True,2.6209590053838387e-12,0.0,0.0,True,214.1341760590717,214.1341760590717,0.0,1.0,11.0,a-c,,,
WA_Centurion20182019CRO20321_GPSdata_RS.xlsx|1,WA_Centurion20182019CRO20321_GPSdata_RS.xlsx,158.0,158.0,True,1.2505552149377765e-12,1.0,0.0,True,223.92904053611392,223.92904053622647,1.1254996934439987e-10,1.0,22.0,a-c,,,
WA_Centurion20182019CRO20911_GPSdata_RS.xlsx|0,WA_Centurion20182019CRO20911_GPSdata_RS.xlsx,52.0,52.0,True,1.6328050023162177e-12,0.0,0.0,True,68.69665523953472,68.69665523953472,0.0,1.0,15.5,a-c,,,
WA_Centurion20182019CRO20921_GPSdata_RS.xlsx|1,WA_Centurion20182019CRO20921_GPSdata_RS.xlsx,97.0,97.0,True,1.3429257705865896e-12,0.0,0.0,True,101.88391039422812,101.8839103942306,2.486899575160351e-12,1.0,10.0,a-c,,,
WA_Centurion20182019CRO20931_GPSdata_RS.xlsx|0,WA_Centurion20182019CRO20931_GPSdata_RS.xlsx,136.0,136.0,True,1.408095862132086e-12,1.0,1.0,True,83.8978035276823,83.89780352765797,2.432898327242583e-11,1.0,22.0,a-c,,,
WA_Centurion20182019CRO21111_GPSdata_RS.xlsx|0,WA_Centurion20182019CRO21111_GPSdata_RS.xlsx,352.0,352.0,True,1.6344703368531557e-12,1.0,1.0,True,319.238594729072,319.23859472908,7.958078640513122e-12,1.0,7.0,a-c,,,
WA_Centurion20182019CRO21121_GPSdata_RS.xlsx|0,WA_Centurion20182019CRO21121_GPSdata_RS.xlsx,118.0,118.0,True,1.1297629498585593e-12,0.0,0.0,True,56.69576242834614,56.69576242834614,0.0,1.0,12.5,a-c,,,
WA_Centurion20182019CRO21211_GPSdata_RS.xlsx|0,WA_Centurion20182019CRO21211_GPSdata_RS.xlsx,112.0,112.0,True,1.396660564978447e-12,0.0,0.0,True,217.5282150150817,217.5282150150817,2.8421709430404014e-14,1.0,16.5,a-c,,,
WA_Centurion20182019CRO21221_GPSdata_RS.xlsx|0,WA_Centurion20182019CRO21221_GPSdata_RS.xlsx,46.0,46.0,True,8.57980353430321e-13,0.0,0.0,True,3.962964318530055,3.9629643185335226,3.467448550509289e-12,1.0,16.0,a-c,,,
WA_Centurion20182019CRO21222_GPSdata_RS.xlsx|0,WA_Centurion20182019CRO21222_GPSdata_RS.xlsx,162.0,162.0,True,1.475486399726833e-12,0.0,0.0,True,194.2891167406065,194.2891167406065,2.8421709430404014e-14,1.0,9.0,a-c,,,
WA_Centurion20182019CRO21311_GPSdata_RS.xlsx|0,WA_Centurion20182019CRO21311_GPSdata_RS.xlsx,305.0,305.0,True,1.503019930737537e-12,3.0,1.0,True,736.9125577655279,736.9125577655645,3.6607161746360355e-11,1.0,6.0,a-c,,,
WA_Centurion20182019CRO21421_GPSdata_RS.xlsx|0,WA_Centurion20182019CRO21421_GPSdata_RS.xlsx,155.0,155.0,True,1.3695711231775933e-12,0.0,0.0,True,164.03444939703888,164.03444939703888,0.0,1.0,11.0,a-c,,,
WA_Centurion20182019CRO21611_GPSdata_RS.xlsx|0,WA_Centurion20182019CRO21611_GPSdata_RS.xlsx,174.0,174.0,True,1.3532508447156033e-12,1.0,0.0,True,102.49558426874046,102.49558426874046,0.0,1.0,14.0,a-c,,,
WA_Centurion20182019CRO21621_GPSdata_RS.xlsx|0,WA_Centurion20182019CRO21621_GPSdata_RS.xlsx,61.0,61.0,True,1.3482548411047901e-12,0.0,0.0,True,50.80910750066238,50.80910750066238,0.0,1.0,16.0,a-c,,,
WA_Centurion20182019CRO21811_GPSdata_RS.xlsx|0,WA_Centurion20182019CRO21811_GPSdata_RS.xlsx,126.0,126.0,True,1.716848885280342e-12,1.0,0.0,True,17.047806369646196,17.04780636964631,1.1368683772161605e-13,1.0,9.5,a-c,,,
WA_Centurion20182019CRO21821_GPSdata_RS.xlsx|0,WA_Centurion20182019CRO21821_GPSdata_RS.xlsx,423.0,423.0,True,2.045141833662001e-12,4.0,2.0,True,424.5252051845514,424.5252051845368,1.4551915228366852e-11,1.0,9.0,a-c,,,
WA_Centurion20182019CRO21831_GPSdata_RS.xlsx|0,WA_Centurion20182019CRO21831_GPSdata_RS.xlsx,169.0,169.0,True,1.5025758415276869e-12,3.0,2.0,True,103.64570853575992,103.64570853575992,0.0,1.0,14.0,a-c,,,
WA_Centurion20182019CRO22011_GPSdata_RS.xlsx|0,WA_Centurion20182019CRO22011_GPSdata_RS.xlsx,239.0,239.0,True,1.4093171074591737e-12,2.0,2.0,True,456.2113983752852,456.2113983752824,2.7853275241795927e-12,1.0,15.0,a-c,,,
WA_Centurion20182019CRO22111_GPSdata_RS.xlsx|0,WA_Centurion20182019CRO22111_GPSdata_RS.xlsx,156.0,156.0,True,1.4210854715202004e-12,0.0,0.0,True,165.5014028278733,165.50140282785696,1.6342482922482304e-11,1.0,14.5,a-c,,,
WA_Centurion20182019CRO22121_GPSdata_RS.xlsx|0,WA_Centurion20182019CRO22121_GPSdata_RS.xlsx,266.0,266.0,True,1.5762946503627973e-12,2.0,1.0,True,357.4217457192774,357.4217457192772,2.273736754432321e-13,1.0,10.0,a-c,,,
WA_Centurion20182019CRO22311_GPSdata_RS.xlsx|0,WA_Centurion20182019CRO22311_GPSdata_RS.xlsx,185.0,185.0,True,1.91446858366362e-12,0.0,0.0,True,319.02641596069,319.02641596069,0.0,1.0,10.0,a-c,,,
WA_Centurion20182019CRO22321_GPSdata_RS.xlsx|0,WA_Centurion20182019CRO22321_GPSdata_RS.xlsx,300.0,300.0,True,1.283417816466681e-12,3.0,2.0,True,366.9661236179932,366.9661236180455,5.2239101933082566e-11,1.0,7.5,a-c,,,
WA_XGPS20152016CRO10011_GPSdata_RS.xlsx|1,WA_XGPS20152016CRO10011_GPSdata_RS.xlsx,49.0,49.0,True,9.89319737243477e-13,0.0,0.0,True,76.9226999843844,76.9226999843844,0.0,1.0,4.0,a-c,,,
WA_XGPS20152016CRO10311_GPSdata_RS.xlsx|1,WA_XGPS20152016CRO10311_GPSdata_RS.xlsx,189.0,189.0,True,1.1510792319313625e-12,1.0,1.0,True,338.7455362395583,338.7455362395583,0.0,1.0,5.0,a-c,,,
WA_XGPS20152016CRO10321_GPSdata_RS.xlsx|1,WA_XGPS20152016CRO10321_GPSdata_RS.xlsx,127.0,127.0,True,1.304734098539484e-12,0.0,0.0,True,21.879974549402505,21.879974549402505,0.0,1.0,10.0,a-c,,,
WA_XGPS20152016CRO10331_GPSdata_RS.xlsx|0,WA_XGPS20152016CRO10331_GPSdata_RS.xlsx,245.0,245.0,True,1.3073986337985845e-12,4.0,4.0,True,139.60459424558553,139.60459424558553,0.0,1.0,5.0,a-c,,,
WA_XGPS20152016CRO10411_GPSdata_RS.xlsx|0,WA_XGPS20152016CRO10411_GPSdata_RS.xlsx,150.0,150.0,True,8.488765246283947e-13,0.0,0.0,True,252.8455725231654,252.8455725231654,0.0,1.0,3.0,a-c,,,
WA_XGPS20152016CRO10421_GPSdata_RS.xlsx|0,WA_XGPS20152016CRO10421_GPSdata_RS.xlsx,156.0,156.0,True,1.3642420526593924e-12,0.0,0.0,True,51.86794836516356,51.86794836516356,7.105427357601002e-15,1.0,10.0,a-c,,,
WA_XGPS20152016CRO10431_GPSdata_RS.xlsx|0,WA_XGPS20152016CRO10431_GPSdata_RS.xlsx,44.0,44.0,True,8.313350008393172e-13,0.0,0.0,True,16.262702750041456,16.262702750041456,0.0,1.0,35.0,a-c,,,
WA_XGPS20152016CRO10441_GPSdata_RS.xlsx|1,WA_XGPS20152016CRO10441_GPSdata_RS.xlsx,95.0,95.0,True,1.4530598946294049e-12,0.0,0.0,True,41.33222282023246,41.332222820232346,1.1368683772161605e-13,1.0,16.0,a-c,,,
WA_XGPS20152016CRO10621_GPSdata_RS.xlsx|0,WA_XGPS20152016CRO10621_GPSdata_RS.xlsx,77.0,77.0,True,2.120970066243899e-12,0.0,0.0,True,5.406846104050942,5.406846104050942,0.0,1.0,21.0,a-c,,,
WA_XGPS20152016CRO10811_GPSdata_RS.xlsx|0,WA_XGPS20152016CRO10811_GPSdata_RS.xlsx,169.0,169.0,True,2.106925744982391e-12,0.0,0.0,True,176.28205991748473,176.28205991748473,0.0,1.0,4.0,a-c,,,
WA_XGPS20152016CRO10821_GPSdata_RS.xlsx|0,WA_XGPS20152016CRO10821_GPSdata_RS.xlsx,39.0,39.0,True,7.087663789206999e-13,0.0,0.0,True,3.0851417233452594,3.0851417233466805,1.4210854715202004e-12,1.0,28.0,a-c,,,
WA_XGPS20152016CRO10911_GPSdata_RS.xlsx|1,WA_XGPS20152016CRO10911_GPSdata_RS.xlsx,162.0,162.0,True,1.3935519405094965e-12,1.0,1.0,True,85.83035716287486,85.83035716287486,0.0,1.0,9.0,a-c,,,
WA_XGPS20152016CRO20011_GPSdata_RS.xlsx|0,WA_XGPS20152016CRO20011_GPSdata_RS.xlsx,223.0,223.0,True,1.4508394485801546e-12,1.0,1.0,True,274.78677518915856,274.7867751891588,2.273736754432321e-13,1.0,7.0,a-c,,,
WA_XGPS20152016CRO20111_GPSdata_RS.xlsx|0,WA_XGPS20152016CRO20111_GPSdata_RS.xlsx,97.0,97.0,True,1.0302869668521453e-12,0.0,0.0,True,118.4319378540148,118.4319378540148,1.4210854715202004e-14,1.0,19.0,a-c,,,
WA_XGPS20152016CRO20131_GPSdata_RS.xlsx|0,WA_XGPS20152016CRO20131_GPSdata_RS.xlsx,74.0,74.0,True,6.821210263296962e-13,1.0,1.0,True,150.26846322170002,150.26846322170277,2.7284841053187847e-12,1.0,7.0,a-c,,,
WA_XGPS20152016CRO20311_GPSdata_RS.xlsx|0,WA_XGPS20152016CRO20311_GPSdata_RS.xlsx,154.0,154.0,True,1.4210854715202004e-12,0.0,0.0,True,20.932822929404097,20.932822929395,9.094947017729282e-12,1.0,4.0,a-c,,,
WA_XGPS20152016CRO20321_GPSdata_RS.xlsx|0,WA_XGPS20152016CRO20321_GPSdata_RS.xlsx,144.0,144.0,True,9.586220706125914e-13,1.0,1.0,True,134.05986699298126,134.05986699298126,0.0,1.0,6.0,a-c,,,
WA_XGPS20152016CRO20331_GPSdata_RS.xlsx|0,WA_XGPS20152016CRO20331_GPSdata_RS.xlsx,206.0,206.0,True,1.1226575225009585e-12,0.0,0.0,True,144.14621401593126,144.1462140158808,5.047695594839752e-11,1.0,9.5,a-c,,,
WA_XGPS20152016CRO20341_GPSdata_RS.xlsx|1,WA_XGPS20152016CRO20341_GPSdata_RS.xlsx,111.0,111.0,True,1.3129497489217101e-12,0.0,0.0,True,84.80404309759024,84.80404309759024,0.0,1.0,17.0,a-c,,,
WA_XGPS20152016CRO20511_GPSdata_RS.xlsx|0,WA_XGPS20152016CRO20511_GPSdata_RS.xlsx,116.0,116.0,True,1.4053203045705234e-12,0.0,0.0,True,156.1516976817104,156.1516976817104,0.0,1.0,6.0,a-c,,,
WA_XGPS20152016CRO20521_GPSdata_RS.xlsx|0,WA_XGPS20152016CRO20521_GPSdata_RS.xlsx,119.0,119.0,True,8.881784197001252e-13,1.0,0.0,True,65.41844931374635,65.41844931374635,0.0,1.0,22.0,a-c,,,
WA_XGPS20152016CRO20621_GPSdata_RS.xlsx|1,WA_XGPS20152016CRO20621_GPSdata_RS.xlsx,71.0,71.0,True,1.3878898030839082e-12,0.0,0.0,True,33.435129541545734,33.435129541545734,0.0,2.0,17.0,a-c,,,
WA_XGPS20152016CRO20911_GPSdata_RS.xlsx|0,WA_XGPS20152016CRO20911_GPSdata_RS.xlsx,274.0,274.0,True,2.0605739337042905e-12,3.0,2.0,True,125.4396270058503,125.4396270058503,0.0,1.0,8.0,a-c,,,
WA_XGPS20152016CRO20921_GPSdata_RS.xlsx|0,WA_XGPS20152016CRO20921_GPSdata_RS.xlsx,116.0,116.0,True,1.4725998198628076e-12,1.0,0.0,True,95.61538441687674,95.61538441687674,0.0,1.0,21.0,a-c,,,
WA_XGPS20152016CRO21131_GPSdata_RS.xlsx|0,WA_XGPS20152016CRO21131_GPSdata_RS.xlsx,147.0,147.0,True,1.450506381672767e-12,1.0,1.0,True,150.89613834996908,150.89613834996908,0.0,1.0,18.0,a-c,,,
WA_XGPS20162017CRO10211_GPSdata_RS.xlsx|0,WA_XGPS20162017CRO10211_GPSdata_RS.xlsx,93.0,93.0,True,1.4243606294428446e-12,2.0,0.0,True,229.3398773786538,229.3398773786107,4.308731149649248e-11,1.0,6.0,a-c,,,
WA_XGPS20162017CRO10221_GPSdata_RS.xlsx|0,WA_XGPS20162017CRO10221_GPSdata_RS.xlsx,186.0,186.0,True,1.0200729150255938e-12,3.0,2.0,True,152.42435999733266,152.42435999733266,0.0,1.0,5.0,a-c,,,
WA_XGPS20162017CRO10231_GPSdata_RS.xlsx|0,WA_XGPS20162017CRO10231_GPSdata_RS.xlsx,175.0,175.0,True,1.5631940186722204e-12,0.0,0.0,True,227.1237612354132,227.1237612353625,5.070432962384075e-11,1.0,12.0,a-c,,,
WA_XGPS20162017CRO10321_GPSdata_RS.xlsx|0,WA_XGPS20162017CRO10321_GPSdata_RS.xlsx,236.0,236.0,True,1.4863665853681596e-12,2.0,2.0,True,97.39904168755128,97.39904168755128,1.4210854715202004e-14,1.0,5.0,a-c,,,
WA_XGPS20162017CRO10331_GPSdata_RS.xlsx|0,WA_XGPS20162017CRO10331_GPSdata_RS.xlsx,90.0,90.0,True,1.1648459974367142e-12,1.0,0.0,True,65.20863083510562,65.20863083510562,0.0,2.0,16.0,a-c,,,
WA_XGPS20162017CRO10411_GPSdata_RS.xlsx|0,WA_XGPS20162017CRO10411_GPSdata_RS.xlsx,62.0,62.0,True,8.64197602368222e-13,0.0,0.0,True,27.712996615188786,27.712996615188786,0.0,2.0,23.0,a-c,,,
WA_XGPS20162017CRO10421_GPSdata_RS.xlsx|0,WA_XGPS20162017CRO10421_GPSdata_RS.xlsx,151.0,151.0,True,1.4508394485801546e-12,0.0,0.0,True,252.99178384434435,252.99178384434435,0.0,1.0,7.0,a-c,,,
WA_XGPS20162017CRO10431_GPSdata_RS.xlsx|0,WA_XGPS20162017CRO10431_GPSdata_RS.xlsx,68.0,68.0,True,8.788525462932739e-13,0.0,0.0,True,67.79047268820955,67.79047268820955,0.0,1.0,8.0,a-c,,,
WA_XGPS20162017CRO10621_GPSdata_RS.xlsx|0,WA_XGPS20162017CRO10621_GPSdata_RS.xlsx,336.0,336.0,True,1.4654943925052066e-12,4.0,3.0,True,17.593177115038998,17.593177115038998,0.0,1.0,11.0,a-c,,,
WA_XGPS20162017CRO10631_GPSdata_RS.xlsx|0,WA_XGPS20162017CRO10631_GPSdata_RS.xlsx,171.0,171.0,True,1.4210854715202004e-12,2.0,2.0,True,144.6569291702558,144.656929170254,1.8189894035458565e-12,1.0,13.0,a-c,,,
WA_XGPS20162017CRO20121_GPSdata_RS.xlsx|0,WA_XGPS20162017CRO20121_GPSdata_RS.xlsx,70.0,70.0,True,6.505906924303417e-13,0.0,0.0,True,13.1349495511472,13.1349495511472,1.7763568394002505e-15,1.0,28.5,a-c,,,
WA_XGPS20162017CRO20221_GPSdata_RS.xlsx|0,WA_XGPS20162017CRO20221_GPSdata_RS.xlsx,64.0,64.0,True,1.3358203432289886e-12,0.0,0.0,True,30.595961257291265,30.595961257291265,0.0,2.0,25.0,a-c,,,
WA_XGPS20162017CRO20321_GPSdata_RS.xlsx|0,WA_XGPS20162017CRO20321_GPSdata_RS.xlsx,74.0,74.0,True,1.108391156634525e-12,1.0,1.0,True,38.4787012163074,38.4787012163074,0.0,1.0,7.0,a-c,,,
WA_XGPS20162017CRO20411_GPSdata_RS.xlsx|0,WA_XGPS20162017CRO20411_GPSdata_RS.xlsx,186.0,186.0,True,1.4921397450962104e-12,1.0,1.0,True,345.44844374890295,345.44844374890295,0.0,1.0,6.0,a-c,,,
WA_XGPS20162017CRO20921_GPSdata_RS.xlsx|0,WA_XGPS20162017CRO20921_GPSdata_RS.xlsx,62.0,62.0,True,1.4299672557172016e-12,0.0,0.0,True,16.57225082883906,16.57225082884014,1.0800249583553525e-12,1.0,9.0,a-c,,,
WA_XGPS20162017CRO20931_GPSdata_RS.xlsx|0,WA_XGPS20162017CRO20931_GPSdata_RS.xlsx,165.0,165.0,True,1.381117442633695e-12,0.0,0.0,True,80.72292254171134,80.72292254171134,0.0,1.0,20.0,a-c,,,
WA_XGPS20172018CRO10211_GPSdata_RS.xlsx|0,WA_XGPS20172018CRO10211_GPSdata_RS.xlsx,202.0,202.0,True,1.48947520983711e-12,0.0,0.0,True,30.87006794024888,30.870067940248877,3.552713678800501e-15,1.0,16.0,a-c,,,
WA_XGPS20172018CRO10311_GPSdata_RS.xlsx|0,WA_XGPS20172018CRO10311_GPSdata_RS.xlsx,194.0,194.0,True,1.680433570072637e-12,1.0,0.0,True,228.568357409778,228.56835740977797,2.8421709430404014e-14,1.0,8.0,a-c,,,
WA_XGPS20172018CRO10321_GPSdata_RS.xlsx|0,WA_XGPS20172018CRO10321_GPSdata_RS.xlsx,128.0,128.0,True,1.5083490012557377e-12,1.0,1.0,True,83.88002726439709,83.88002726450316,1.0606981959426776e-10,1.0,13.0,a-c,,,
WA_XGPS20172018CRO10331_GPSdata_RS.xlsx|0,WA_XGPS20172018CRO10331_GPSdata_RS.xlsx,80.0,80.0,True,1.4930279235159105e-12,0.0,0.0,True,7.531743230373081,7.531743230373081,0.0,1.0,8.0,a-c,,,
WA_XGPS20172018CRO10411_GPSdata_RS.xlsx|0,WA_XGPS20172018CRO10411_GPSdata_RS.xlsx,129.0,129.0,True,8.828493491819246e-13,1.0,1.0,True,97.2676453239602,97.2676453239602,1.4210854715202004e-14,1.0,14.0,a-c,,,
WA_XGPS20172018CRO10421_GPSdata_RS.xlsx|0,WA_XGPS20172018CRO10421_GPSdata_RS.xlsx,387.0,387.0,True,1.7669199436909366e-12,1.0,0.0,True,293.39023528169446,293.39023528169446,0.0,1.0,7.0,a-c,,,
WA_XGPS20172018CRO10611_GPSdata_RS.xlsx|0,WA_XGPS20172018CRO10611_GPSdata_RS.xlsx,252.0,252.0,True,1.240785252321075e-12,1.0,1.0,True,432.8887540608614,432.8887540608614,0.0,1.0,8.5,a-c,,,
WA_XGPS20172018CRO20111_GPSdata_RS.xlsx|0,WA_XGPS20172018CRO20111_GPSdata_RS.xlsx,118.0,118.0,True,1.7692514120426497e-12,3.0,1.0,True,71.91161831538761,71.91161831538761,0.0,1.0,21.0,a-c,,,
WA_XGPS20172018CRO20411_GPSdata_RS.xlsx|0,WA_XGPS20172018CRO20411_GPSdata_RS.xlsx,326.0,326.0,True,1.935340776526573e-12,2.0,1.0,True,208.60174761410727,208.60174761273493,1.3723990832659183e-09,1.0,9.5,a-c,,,
WA_XGPS20172018CRO20911_GPSdata_RS.xlsx|0,WA_XGPS20172018CRO20911_GPSdata_RS.xlsx,389.0,389.0,True,2.131628207280301e-12,3.0,2.0,True,1000.9871644495432,1000.9871644495432,1.1368683772161605e-13,1.0,5.0,a-c,,,
WA_XGPS20172018CRO20922_GPSdata_RS.xlsx|0,WA_XGPS20172018CRO20922_GPSdata_RS.xlsx,131.0,131.0,True,1.169730978745065e-12,2.0,2.0,True,69.36546267993526,69.36546267993526,0.0,1.0,8.0,a-c,,,
WA_Xspoutnik20172018CRO10911_GPSdata_RS.xlsx|0,WA_Xspoutnik20172018CRO10911_GPSdata_RS.xlsx,164.0,164.0,True,1.366906587918493e-12,0.0,0.0,True,293.5290305250644,293.5290305250644,0.0,1.0,8.5,a-c,,,
,,,,,,,,,,,,,,d,0.0,-0.147009168157424,-0.0986583184257603
,,,,,,,,,,,,,,d,1.0,-0.1576978980322003,-0.0876453488372093
,,,,,,,,,,,,,,d,2.0,-0.1478085867620751,-0.10625
,,,,,,,,,,,,,,d,3.0,-0.1411728533094812,-0.1452985241502683
,,,,,,,,,,,,,,d,4.0,-0.1420393559928443,-0.1067307692307692
,,,,,,,,,,,,,,d,5.0,-0.1400603756708408,-0.1089110017889087
,,,,,,,,,,,,,,d,6.0,-0.1486639087656529,-0.0975346601073345
,,,,,,,,,,,,,,d,7.0,-0.154695885509839,-0.127974060822898
,,,,,,,,,,,,,,d,8.0,-0.1391435599284436,-0.1146690518783542
,,,,,,,,,,,,,,d,9.0,-0.1433474955277281,-0.1069599731663685
,,,,,,,,,,,,,,d,10.0,-0.1362030411449016,-0.0945550089445438
,,,,,,,,,,,,,,d,11.0,-0.1558586762075134,-0.0980713327370304
,,,,,,,,,,,,,,d,12.0,-0.1489210644007156,-0.1172517889087656
,,,,,,,,,,,,,,d,13.0,-0.1514982110912343,-0.08716457960644
,,,,,,,,,,,,,,d,14.0,-0.1369800983899821,-0.1431015205724508
,,,,,,,,,,,,,,d,15.0,-0.1600793828264758,-0.1032983005366726
,,,,,,,,,,,,,,d,16.0,-0.1446276833631485,-0.1028790250447227
,,,,,,,,,,,,,,d,17.0,-0.128275939177102,-0.1441245527728086
,,,,,,,,,,,,,,d,18.0,-0.1447003577817531,-0.0865105098389982
,,,,,,,,,,,,,,d,19.0,-0.1533318425760286,-0.1006149373881932
,,,,,,,,,,,,,,d,20.0,-0.129729427549195,-0.1151106887298748
,,,,,,,,,,,,,,d,21.0,-0.1398144007155635,-0.1054002683363148
,,,,,,,,,,,,,,d,22.0,-0.1428275939177102,-0.1005646243291592
,,,,,,,,,,,,,,d,23.0,-0.1342631932021467,-0.1178723166368515
,,,,,,,,,,,,,,d,24.0,-0.1488707513416816,-0.0943984794275492
,,,,,,,,,,,,,,d,25.0,-0.1482893559928444,-0.1255031305903399
,,,,,,,,,,,,,,d,26.0,-0.146673747763864,-0.1340675313059034
,,,,,,,,,,,,,,d,27.0,-0.1427996422182469,-0.1195661896243291
,,,,,,,,,,,,,,d,28.0,-0.1155523255813953,-0.1548188729874776
,,,,,,,,,,,,,,d,29.0,-0.1562555903398926,-0.1259447674418604
,,,,,,,,,,,,,,d,30.0,-0.1442139982110912,-0.1102079606440071
,,,,,,,,,,,,,,d,31.0,-0.1517609570661896,-0.1220203488372093
,,,,,,,,,,,,,,d,32.0,-0.1467464221824687,-0.1055847495527728
,,,,,,,,,,,,,,d,33.0,-0.1532647584973166,-0.0916927549194991
,,,,,,,,,,,,,,d,34.0,-0.1370974955277281,-0.1101744186046511
,,,,,,,,,,,,,,d,35.0,-0.1653063506261181,-0.0845762522361359
,,,,,,,,,,,,,,d,36.0,-0.1513416815742397,-0.1087377012522361
,,,,,,,,,,,,,,d,37.0,-0.1323289355992844,-0.1090451699463327
,,,,,,,,,,,,,,d,38.0,-0.1521522808586762,-0.1103477191413238
,,,,,,,,,,,,,,d,39.0,-0.1403343023255814,-0.0939568425760286
,,,,,,,,,,,,,,d,40.0,-0.1509447674418605,-0.1197786225402504
,,,,,,,,,,,,,,d,41.0,-0.1478980322003578,-0.1064512522361359
,,,,,,,,,,,,,,d,42.0,-0.145153175313059,-0.0986247763864043
,,,,,,,,,,,,,,d,43.0,-0.1362142218246869,-0.1117453041144901
,,,,,,,,,,,,,,d,44.0,-0.1398926654740608,-0.142044946332737
,,,,,,,,,,,,,,d,45.0,-0.1432133273703041,-0.1164803220035778
,,,,,,,,,,,,,,d,46.0,-0.1413517441860465,-0.1254863595706619
,,,,,,,,,,,,,,d,47.0,-0.1380422629695885,-0.1306965563506261
,,,,,,,,,,,,,,d,48.0,-0.1489657871198569,-0.1091178443649374
,,,,,,,,,,,,,,d,49.0,-0.1539859123434705,-0.1106663685152057
,,,,,,,,,,,,,,d,50.0,-0.1486806797853309,-0.0940015652951699
,,,,,,,,,,,,,,d,51.0,-0.1315798300536673,-0.1321109123434705
,,,,,,,,,,,,,,d,52.0,-0.160727862254025,-0.1032032647584973
,,,,,,,,,,,,,,d,53.0,-0.1408374329159213,-0.1100290697674419
,,,,,,,,,,,,,,d,54.0,-0.1497707960644007,-0.1101520572450805
,,,,,,,,,,,,,,d,55.0,-0.1494074239713775,-0.1133776833631484
,,,,,,,,,,,,,,d,56.0,-0.1534324686940966,-0.0882491055456171
,,,,,,,,,,,,,,d,57.0,-0.1428890876565295,-0.1220035778175313
,,,,,,,,,,,,,,d,58.0,-0.1674586314847943,-0.0908989266547406
,,,,,,,,,,,,,,d,59.0,-0.1180735688729875,-0.1286113595706619
,,,,,,,,,,,,,,d,60.0,-0.1305064847942755,-0.1324016100178891
,,,,,,,,,,,,,,d,61.0,-0.1353253577817531,-0.1177716905187835
,,,,,,,,,,,,,,d,62.0,-0.1619800983899821,-0.0861974508050089
,,,,,,,,,,,,,,d,63.0,-0.1465116279069767,-0.109089892665474
,,,,,,,,,,,,,,d,64.0,-0.151587656529517,-0.0797573792486583
,,,,,,,,,,,,,,d,65.0,-0.1536672629695885,-0.1112365831842576
,,,,,,,,,,,,,,d,66.0,-0.1260845259391771,-0.1210420393559928
,,,,,,,,,,,,,,d,67.0,-0.1563729874776386,-0.1049194991055456
,,,,,,,,,,,,,,d,68.0,-0.154846824686941,-0.0933363148479427
,,,,,,,,,,,,,,d,69.0,-0.129360465116279,-0.1157312164579606
,,,,,,,,,,,,,,d,70.0,-0.1517944991055456,-0.1060040250447227
,,,,,,,,,,,,,,d,71.0,-0.1323009838998211,-0.0944040697674418
,,,,,,,,,,,,,,d,72.0,-0.159425313059034,-0.1085364490161001
,,,,,,,,,,,,,,d,73.0,-0.1328991502683363,-0.1406361806797853
,,,,,,,,,,,,,,d,74.0,-0.1494745080500894,-0.087483228980322
,,,,,,,,,,,,,,d,75.0,-0.1372540250447227,-0.1074407423971377
,,,,,,,,,,,,,,d,76.0,-0.1392944991055456,-0.1349228533094812
,,,,,,,,,,,,,,d,77.0,-0.1371645796064401,-0.1270963774597495
,,,,,,,,,,,,,,d,78.0,-0.1491949910554562,-0.0904013864042934
,,,,,,,,,,,,,,d,79.0,-0.1496757602862254,-0.0907871198568873
,,,,,,,,,,,,,,d,80.0,-0.1244297853309481,-0.091810152057245
,,,,,,,,,,,,,,d,81.0,-0.1600178890876565,-0.0858173076923077
,,,,,,,,,,,,,,d,82.0,-0.1438114937388193,-0.1222104203935599
,,,,,,,,,,,,,,d,83.0,-0.1323401162790697,-0.1121198568872987
,,,,,,,,,,,,,,d,84.0,-0.1365943649373882,-0.1262131037567084
,,,,,,,,,,,,,,d,85.0,-0.1454159212880143,-0.1209805456171735
,,,,,,,,,,,,,,d,86.0,-0.1428946779964222,-0.1025771466905187
,,,,,,,,,,,,,,d,87.0,-0.142212656529517,-0.0909995527728086
,,,,,,,,,,,,,,d,88.0,-0.1425424865831842,-0.1078488372093023
,,,,,,,,,,,,,,d,89.0,-0.1427661001788909,-0.1113931127012522
,,,,,,,,,,,,,,d,90.0,-0.1252515652951699,-0.1200637298747764
,,,,,,,,,,,,,,d,91.0,-0.1390261627906976,-0.110895572450805
,,,,,,,,,,,,,,d,92.0,-0.142413908765653,-0.1104259838998211
,,,,,,,,,,,,,,d,93.0,-0.1425257155635062,-0.106367397137746
,,,,,,,,,,,,,,d,94.0,-0.1501956618962433,-0.0990887745974955
,,,,,,,,,,,,,,d,95.0,-0.1479371645796064,-0.117363595706619
,,,,,,,,,,,,,,d,96.0,-0.141877236135957,-0.1090283989266547
,,,,,,,,,,,,,,d,97.0,-0.1475961538461538,-0.0784995527728086
,,,,,,,,,,,,,,d,98.0,-0.1459134615384615,-0.1131261180679785
,,,,,,,,,,,,,,d,99.0,-0.1332848837209302,-0.1139143559928443
,,,,,,,,,,,,,,d,100.0,-0.1428946779964222,-0.1185934704830053
,,,,,,,,,,,,,,d,101.0,-0.1537063953488372,-0.1077426207513417
,,,,,,,,,,,,,,d,102.0,-0.1526945438282647,-0.0944152504472272
,,,,,,,,,,,,,,d,103.0,-0.1382099731663685,-0.1222998658318426
,,,,,,,,,,,,,,d,104.0,-0.1454830053667263,-0.1156641323792486
,,,,,,,,,,,,,,d,105.0,-0.1432524597495528,-0.1135677549194991
,,,,,,,,,,,,,,d,106.0,-0.1609402951699463,-0.0781697227191413
,,,,,,,,,,,,,,d,107.0,-0.1408150715563506,-0.1023758944543828
,,,,,,,,,,,,,,d,108.0,-0.1382938282647585,-0.1150044722719141
,,,,,,,,,,,,,,d,109.0,-0.1325749105545617,-0.1213383273703041
,,,,,,,,,,,,,,d,110.0,-0.1381261180679785,-0.1350458407871199
,,,,,,,,,,,,,,d,111.0,-0.1632435152057245,-0.0974619856887299
,,,,,,,,,,,,,,d,112.0,-0.1605601520572451,-0.1071947674418604
,,,,,,,,,,,,,,d,113.0,-0.1540082737030411,-0.0870583631484794
,,,,,,,,,,,,,,d,114.0,-0.1417822003577817,-0.1079885957066189
,,,,,,,,,,,,,,d,115.0,-0.146992397137746,-0.1080500894454383
,,,,,,,,,,,,,,d,116.0,-0.1367788461538461,-0.1373881932021467
,,,,,,,,,,,,,,d,117.0,-0.1509950805008944,-0.0976241055456171
,,,,,,,,,,,,,,d,118.0,-0.1344868067978533,-0.1327817531305903
,,,,,,,,,,,,,,d,119.0,-0.1474619856887299,-0.0884112254025044
,,,,,,,,,,,,,,d,120.0,-0.137298747763864,-0.0958687388193202
,,,,,,,,,,,,,,d,121.0,-0.1567531305903399,-0.1089110017889087
,,,,,,,,,,,,,,d,122.0,-0.1602135509838998,-0.0896578711985688
,,,,,,,,,,,,,,d,123.0,-0.1272137745974955,-0.1033821556350626
,,,,,,,,,,,,,,d,124.0,-0.1329494633273703,-0.1022193649373882
,,,,,,,,,,,,,,d,125.0,-0.1378969141323792,-0.1243571109123434
,,,,,,,,,,,,,,d,126.0,-0.1470371198568873,-0.0896914132379248
,,,,,,,,,,,,,,d,127.0,-0.1535834078711986,-0.1003801431127012
,,,,,,,,,,,,,,d,128.0,-0.1538070214669052,-0.109307915921288
,,,,,,,,,,,,,,d,129.0,-0.1574575134168157,-0.1086091234347048
,,,,,,,,,,,,,,d,130.0,-0.1408038908765653,-0.1223893112701252
,,,,,,,,,,,,,,d,131.0,-0.1219141323792486,-0.1334134615384615
,,,,,,,,,,,,,,d,132.0,-0.135996198568873,-0.0746254472271914
,,,,,,,,,,,,,,d,133.0,-0.1417095259391771,-0.1258329606440071
,,,,,,,,,,,,,,d,134.0,-0.1280467352415027,-0.1096992397137746
,,,,,,,,,,,,,,d,135.0,-0.1539803220035778,-0.099681350626118
,,,,,,,,,,,,,,d,136.0,-0.132804114490161,-0.1095650715563506
,,,,,,,,,,,,,,d,137.0,-0.154477862254025,-0.1080221377459749
,,,,,,,,,,,,,,d,138.0,-0.1477191413237925,-0.0863707513416815
,,,,,,,,,,,,,,d,139.0,-0.1602862254025045,-0.1077146690518783
,,,,,,,,,,,,,,d,140.0,-0.1551878354203935,-0.1051878354203935
,,,,,,,,,,,,,,d,141.0,-0.1336650268336315,-0.1375447227191413
,,,,,,,,,,,,,,d,142.0,-0.1432077370304114,-0.1126397584973166
,,,,,,,,,,,,,,d,143.0,-0.1397081842576028,-0.1171511627906976
,,,,,,,,,,,,,,d,144.0,-0.1448512969588551,-0.0966178443649374
,,,,,,,,,,,,,,d,145.0,-0.1522361359570662,-0.1115831842576028
,,,,,,,,,,,,,,d,146.0,-0.1349899373881932,-0.1180903398926655
,,,,,,,,,,,,,,d,147.0,-0.1273479427549195,-0.1209805456171735
,,,,,,,,,,,,,,d,148.0,-0.1486024150268336,-0.1324966457960644
,,,,,,,,,,,,,,d,149.0,-0.137231663685152,-0.0952482110912343
,,,,,,,,,,,,,,d,150.0,-0.1456283542039356,-0.1347495527728086
,,,,,,,,,,,,,,d,151.0,-0.1343638193202146,-0.1097271914132379
,,,,,,,,,,,,,,d,152.0,-0.1349843470483005,-0.1103644901610018
,,,,,,,,,,,,,,d,153.0,-0.1474731663685152,-0.0926542933810375
,,,,,,,,,,,,,,d,154.0,-0.1323233452593918,-0.1364266547406082
,,,,,,,,,,,,,,d,155.0,-0.1427101967799642,-0.1275268336314848
,,,,,,,,,,,,,,d,156.0,-0.1368012075134168,-0.1242061717352415
,,,,,,,,,,,,,,d,157.0,-0.1290250447227191,-0.1215507602862254
,,,,,,,,,,,,,,d,158.0,-0.1413293828264758,-0.0940798300536672
,,,,,,,,,,,,,,d,159.0,-0.1518056797853309,-0.090675313059034
,,,,,,,,,,,,,,d,160.0,-0.1429394007155635,-0.1208296064400715
,,,,,,,,,,,,,,d,161.0,-0.1412008050089445,-0.1151330500894454
,,,,,,,,,,,,,,d,162.0,-0.1536952146690519,-0.0916592128801431
,,,,,,,,,,,,,,d,163.0,-0.1597271914132379,-0.115608228980322
,,,,,,,,,,,,,,d,164.0,-0.1439400715563506,-0.1052716905187835
,,,,,,,,,,,,,,d,165.0,-0.1343470483005367,-0.1227079606440071
,,,,,,,,,,,,,,d,166.0,-0.1444823345259392,-0.1217352415026833
,,,,,,,,,,,,,,d,167.0,-0.1537734794275492,-0.1223949016100179
,,,,,,,,,,,,,,d,168.0,-0.1456004025044723,-0.1009671288014311
,,,,,,,,,,,,,,d,169.0,-0.154612030411449,-0.0772529069767442
,,,,,,,,,,,,,,d,170.0,-0.1687723613595707,-0.1101744186046511
,,,,,,,,,,,,,,d,171.0,-0.1457737030411449,-0.0948121645796064
,,,,,,,,,,,,,,d,172.0,-0.1433810375670841,-0.1070941413237925
,,,,,,,,,,,,,,d,173.0,-0.1455892218246869,-0.1190406976744186
,,,,,,,,,,,,,,d,174.0,-0.1514311270125224,-0.0941916368515205
,,,,,,,,,,,,,,d,175.0,-0.1544499105545617,-0.115423747763864
,,,,,,,,,,,,,,d,176.0,-0.1477638640429338,-0.1165697674418605
,,,,,,,,,,,,,,d,177.0,-0.1369689177101968,-0.1133832737030411
,,,,,,,,,,,,,,d,178.0,-0.137617397137746,-0.0869297853309481
,,,,,,,,,,,,,,d,179.0,-0.1450693202146691,-0.120220259391771
,,,,,,,,,,,,,,d,180.0,-0.1413405635062612,-0.118531976744186
,,,,,,,,,,,,,,d,181.0,-0.1621645796064401,-0.1271075581395349
,,,,,,,,,,,,,,d,182.0,-0.143766771019678,-0.1112477638640429
,,,,,,,,,,,,,,d,183.0,-0.1417542486583184,-0.1448177549194991
,,,,,,,,,,,,,,d,184.0,-0.1494353756708408,-0.1038908765652951
,,,,,,,,,,,,,,d,185.0,-0.1340116279069767,-0.1113092576028622
,,,,,,,,,,,,,,d,186.0,-0.1443649373881932,-0.1228309481216458
,,,,,,,,,,,,,,d,187.0,-0.1473222271914132,-0.0950245974955277
,,,,,,,,,,,,,,d,188.0,-0.1274038461538461,-0.0895069320214669
,,,,,,,,,,,,,,d,189.0,-0.115440518783542,-0.1242844364937388
,,,,,,,,,,,,,,d,190.0,-0.1415641771019678,-0.1096209749552773
,,,,,,,,,,,,,,d,191.0,-0.1401554114490161,-0.127990831842576
,,,,,,,,,,,,,,d,192.0,-0.1425201252236136,-0.1029013864042933
,,,,,,,,,,,,,,d,193.0,-0.1570326475849731,-0.0864490161001789
,,,,,,,,,,,,,,d,194.0,-0.1405467352415027,-0.1146466905187835
,,,,,,,,,,,,,,d,195.0,-0.1316860465116279,-0.1460588103756708
,,,,,,,,,,,,,,d,196.0,-0.1406697227191413,-0.1050145348837209
,,,,,,,,,,,,,,d,197.0,-0.151705053667263,-0.093682915921288
,,,,,,,,,,,,,,d,198.0,-0.1343526386404293,-0.1181741949910554
,,,,,,,,,,,,,,d,199.0,-0.1498881932021467,-0.1003354203935599
,,,,,,,,,,,,,,d,200.0,-0.132854427549195,-0.118632602862254
,,,,,,,,,,,,,,d,201.0,-0.148227862254025,-0.1079103309481216
,,,,,,,,,,,,,,d,202.0,-0.1502739266547406,-0.0913126118067978
,,,,,,,,,,,,,,d,203.0,-0.1476688282647585,-0.0938618067978533
,,,,,,,,,,,,,,d,204.0,-0.1305512075134168,-0.1104148032200358
,,,,,,,,,,,,,,d,205.0,-0.1428108228980322,-0.1276274597495528
,,,,,,,,,,,,,,d,206.0,-0.1507323345259392,-0.0906864937388193
,,,,,,,,,,,,,,d,207.0,-0.1350737924865832,-0.1043492844364937
,,,,,,,,,,,,,,d,208.0,-0.1402224955277281,-0.1292933810375671
,,,,,,,,,,,,,,d,209.0,-0.1355769230769231,-0.1357725849731664
,,,,,,,,,,,,,,d,210.0,-0.1353029964221825,-0.1260174418604651
,,,,,,,,,,,,,,d,211.0,-0.152856663685152,-0.1265988372093023
,,,,,,,,,,,,,,d,212.0,-0.1441245527728086,-0.0895013416815742
,,,,,,,,,,,,,,d,213.0,-0.1322730322003578,-0.1388640429338103
,,,,,,,,,,,,,,d,214.0,-0.1509671288014311,-0.102906976744186
,,,,,,,,,,,,,,d,215.0,-0.1410498658318426,-0.113785778175313
,,,,,,,,,,,,,,d,216.0,-0.1411896243291592,-0.1180679785330948
,,,,,,,,,,,,,,d,217.0,-0.1503745527728086,-0.1041368515205724
,,,,,,,,,,,,,,d,218.0,-0.1528398926654741,-0.1032312164579606
,,,,,,,,,,,,,,d,219.0,-0.129427549194991,-0.1188506261180679
,,,,,,,,,,,,,,d,220.0,-0.1522081842576028,-0.0902839892665474
,,,,,,,,,,,,,,d,221.0,-0.1403454830053667,-0.1177940518783542
,,,,,,,,,,,,,,d,222.0,-0.1539188282647585,-0.1036113595706619
,,,,,,,,,,,,,,d,223.0,-0.135979427549195,-0.126369633273703
,,,,,,,,,,,,,,d,224.0,-0.1316357334525939,-0.1469812164579606
,,,,,,,,,,,,,,d,225.0,-0.143867397137746,-0.1255087209302325
,,,,,,,,,,,,,,d,226.0,-0.1274485688729875,-0.1337041592128801
,,,,,,,,,,,,,,d,227.0,-0.1374720483005367,-0.1143392218246869
,,,,,,,,,,,,,,d,228.0,-0.149865831842576,-0.1293828264758497
,,,,,,,,,,,,,,d,229.0,-0.1350346601073345,-0.1046735241502683
,,,,,,,,,,,,,,d,230.0,-0.1551934257602862,-0.1111527280858676
,,,,,,,,,,,,,,d,231.0,-0.1512745974955277,-0.1154181574239714
,,,,,,,,,,,,,,d,232.0,-0.1526777728085868,-0.1127739266547406
,,,,,,,,,,,,,,d,233.0,-0.1301654740608229,-0.1246142665474061
,,,,,,,,,,,,,,d,234.0,-0.1460364490161002,-0.0872428443649374
,,,,,,,,,,,,,,d,235.0,-0.1375111806797853,-0.118599060822898
,,,,,,,,,,,,,,d,236.0,-0.1528957960644007,-0.0971545169946332
,,,,,,,,,,,,,,d,237.0,-0.1342352415026834,-0.0980489713774597
,,,,,,,,,,,,,,d,238.0,-0.1367956171735241,-0.1344979874776386
,,,,,,,,,,,,,,d,239.0,-0.1409771914132379,-0.1070158765652951
,,,,,,,,,,,,,,d,240.0,-0.1555791592128801,-0.1113204382826476
,,,,,,,,,,,,,,d,241.0,-0.1345427101967799,-0.115675313059034
,,,,,,,,,,,,,,d,242.0,-0.1315295169946332,-0.1157871198568873
,,,,,,,,,,,,,,d,243.0,-0.1470483005366726,-0.1156641323792486
,,,,,,,,,,,,,,d,244.0,-0.139020572450805,-0.1008273703041145
,,,,,,,,,,,,,,d,245.0,-0.131317084078712,-0.0936046511627907
,,,,,,,,,,,,,,d,246.0,-0.1304058586762075,-0.1191804561717352
,,,,,,,,,,,,,,d,247.0,-0.1540362254025045,-0.1015093917710197
,,,,,,,,,,,,,,d,248.0,-0.1471433363148479,-0.0854371645796064
,,,,,,,,,,,,,,d,249.0,-0.1480601520572451,-0.1192699016100179
,,,,,,,,,,,,,,d,250.0,-0.1336091234347048,-0.11554114490161
,,,,,,,,,,,,,,d,251.0,-0.1367341234347048,-0.1153454830053667
,,,,,,,,,,,,,,d,252.0,-0.1444208407871199,-0.1157200357781753
,,,,,,,,,,,,,,d,253.0,-0.1484347048300537,-0.0980936940966011
,,,,,,,,,,,,,,d,254.0,-0.1386851520572451,-0.1362254025044723
,,,,,,,,,,,,,,d,255.0,-0.1464389534883721,-0.1268727638640429
,,,,,,,,,,,,,,d,256.0,-0.149882602862254,-0.0949798747763864
,,,,,,,,,,,,,,d,257.0,-0.1448401162790697,-0.1002906976744186
,,,,,,,,,,,,,,d,258.0,-0.1382435152057245,-0.1021411001788908
,,,,,,,,,,,,,,d,259.0,-0.1451308139534884,-0.1032256261180679
,,,,,,,,,,,,,,d,260.0,-0.1455109570661896,-0.1178779069767442
,,,,,,,,,,,,,,d,261.0,-0.1338606887298748,-0.1272864490161002
,,,,,,,,,,,,,,d,262.0,-0.1374273255813953,-0.1116167262969588
,,,,,,,,,,,,,,d,263.0,-0.1382546958855098,-0.0952593917710196
,,,,,,,,,,,,,,d,264.0,-0.148596824686941,-0.1150771466905188
,,,,,,,,,,,,,,d,265.0,-0.1397529069767442,-0.1190854203935599
,,,,,,,,,,,,,,d,266.0,-0.142011404293381,-0.1006261180679785
,,,,,,,,,,,,,,d,267.0,-0.1442251788908765,-0.1373434704830053
,,,,,,,,,,,,,,d,268.0,-0.1335196779964222,-0.123060152057245
,,,,,,,,,,,,,,d,269.0,-0.1381764311270125,-0.1271914132379248
,,,,,,,,,,,,,,d,270.0,-0.1384056350626118,-0.1134112254025044
,,,,,,,,,,,,,,d,271.0,-0.1410107334525939,-0.1085196779964221
,,,,,,,,,,,,,,d,272.0,-0.1477918157423971,-0.1049642218246869
,,,,,,,,,,,,,,d,273.0,-0.1484402951699463,-0.0952761627906976
,,,,,,,,,,,,,,d,274.0,-0.1484682468694096,-0.1084302325581395
,,,,,,,,,,,,,,d,275.0,-0.1450637298747764,-0.0847439624329159
,,,,,,,,,,,,,,d,276.0,-0.1660275044722719,-0.0838271466905188
,,,,,,,,,,,,,,d,277.0,-0.1596824686940966,-0.1074463327370304
,,,,,,,,,,,,,,d,278.0,-0.1286337209302325,-0.1111359570661896
,,,,,,,,,,,,,,d,279.0,-0.1376621198568873,-0.1132994186046511
,,,,,,,,,,,,,,d,280.0,-0.1521970035778175,-0.0867341234347048
,,,,,,,,,,,,,,d,281.0,-0.1513808139534884,-0.1057300983899821
,,,,,,,,,,,,,,d,282.0,-0.1472439624329159,-0.0965116279069767
,,,,,,,,,,,,,,d,283.0,-0.1414132379248658,-0.1163293828264758
,,,,,,,,,,,,,,d,284.0,-0.1347607334525939,-0.1285610465116279
,,,,,,,,,,,,,,d,285.0,-0.1588327370304114,-0.0994968694096601
,,,,,,,,,,,,,,d,286.0,-0.1514814400715563,-0.1135118515205724
,,,,,,,,,,,,,,d,287.0,-0.1492453041144902,-0.106115831842576
,,,,,,,,,,,,,,d,288.0,-0.1370974955277281,-0.1301207513416816
,,,,,,,,,,,,,,d,289.0,-0.1366502683363148,-0.1385453935599284
,,,,,,,,,,,,,,d,290.0,-0.1546343917710197,-0.1148703041144901
,,,,,,,,,,,,,,d,291.0,-0.1543660554561717,-0.1131484794275492
,,,,,,,,,,,,,,d,292.0,-0.1564288908765653,-0.1192978533094812
,,,,,,,,,,,,,,d,293.0,-0.1367956171735241,-0.1150715563506261
,,,,,,,,,,,,,,d,294.0,-0.1489210644007156,-0.0993571109123434
,,,,,,,,,,,,,,d,295.0,-0.1451923076923077,-0.087214892665474
,,,,,,,,,,,,,,d,296.0,-0.1446276833631485,-0.1105769230769231
,,,,,,,,,,,,,,d,297.0,-0.1501453488372093,-0.1167710196779964
,,,,,,,,,,,,,,d,298.0,-0.1423356440071556,-0.088785778175313
,,,,,,,,,,,,,,d,299.0,-0.1411281305903399,-0.1070382379248658
,,,,,,,,,,,,,,d,300.0,-0.1561046511627907,-0.0975849731663685
,,,,,,,,,,,,,,d,301.0,-0.1463495080500894,-0.1307021466905188
,,,,,,,,,,,,,,d,302.0,-0.131048747763864,-0.115608228980322
,,,,,,,,,,,,,,d,303.0,-0.1442475402504472,-0.1195270572450805
,,,,,,,,,,,,,,d,304.0,-0.1313729874776386,-0.1256093470483005
,,,,,,,,,,,,,,d,305.0,-0.1525547853309481,-0.1101017441860465
,,,,,,,,,,,,,,d,306.0,-0.1541815742397138,-0.0896690518783542
,,,,,,,,,,,,,,d,307.0,-0.1265652951699463,-0.1108173076923077
,,,,,,,,,,,,,,d,308.0,-0.1400268336314848,-0.1230713327370304
,,,,,,,,,,,,,,d,309.0,-0.1401889534883721,-0.1064344812164579
,,,,,,,,,,,,,,d,310.0,-0.1505813953488372,-0.1011516100178891
,,,,,,,,,,,,,,d,311.0,-0.1477806350626118,-0.1083296064400715
,,,,,,,,,,,,,,d,312.0,-0.1464054114490161,-0.1316972271914132
,,,,,,,,,,,,,,d,313.0,-0.1461650268336315,-0.111029740608229
,,,,,,,,,,,,,,d,314.0,-0.151319320214669,-0.1098669499105546
,,,,,,,,,,,,,,d,315.0,-0.1365831842576028,-0.1376453488372093
,,,,,,,,,,,,,,d,316.0,-0.1341066636851521,-0.1091681574239713
,,,,,,,,,,,,,,d,317.0,-0.151369633273703,-0.1141491502683363
,,,,,,,,,,,,,,d,318.0,-0.1392162343470483,-0.1246757602862254
,,,,,,,,,,,,,,d,319.0,-0.1430064847942755,-0.1365496422182469
,,,,,,,,,,,,,,d,320.0,-0.1606384168157424,-0.0754025044722719
,,,,,,,,,,,,,,d,321.0,-0.156434481216458,-0.1083631484794275
,,,,,,,,,,,,,,d,322.0,-0.1566133720930232,-0.1163349731663685
,,,,,,,,,,,,,,d,323.0,-0.1380310822898032,-0.1125391323792486
,,,,,,,,,,,,,,d,324.0,-0.1548971377459749,-0.1177828711985689
,,,,,,,,,,,,,,d,325.0,-0.1600626118067978,-0.101336091234347
,,,,,,,,,,,,,,d,326.0,-0.140725626118068,-0.1026554114490161
,,,,,,,,,,,,,,d,327.0,-0.148244633273703,-0.1120360017889088
,,,,,,,,,,,,,,d,328.0,-0.1584917262969588,-0.0898032200357782
,,,,,,,,,,,,,,d,329.0,-0.1377180232558139,-0.1174586314847943
,,,,,,,,,,,,,,d,330.0,-0.1390093917710197,-0.1276162790697674
,,,,,,,,,,,,,,d,331.0,-0.1454885957066189,-0.0849955277280858
,,,,,,,,,,,,,,d,332.0,-0.1353253577817531,-0.1143783542039356
,,,,,,,,,,,,,,d,333.0,-0.150033542039356,-0.0916424418604651
,,,,,,,,,,,,,,d,334.0,-0.1449798747763864,-0.1088271466905188
,,,,,,,,,,,,,,d,335.0,-0.1446332737030411,-0.1187779516994633
,,,,,,,,,,,,,,d,336.0,-0.1563562164579606,-0.0934704830053667
,,,,,,,,,,,,,,d,337.0,-0.1419834525939177,-0.1254360465116279
,,,,,,,,,,,,,,d,338.0,-0.154779740608229,-0.0912455277280858
,,,,,,,,,,,,,,d,339.0,-0.1526162790697674,-0.0894957513416815
,,,,,,,,,,,,,,d,340.0,-0.1351017441860465,-0.1226520572450805
,,,,,,,,,,,,,,d,341.0,-0.1630646243291592,-0.1208687388193202
,,,,,,,,,,,,,,d,342.0,-0.1456171735241503,-0.0921399821109123
,,,,,,,,,,,,,,d,343.0,-0.1564400715563506,-0.088970259391771
,,,,,,,,,,,,,,d,344.0,-0.1285945885509839,-0.1247707960644007
,,,,,,,,,,,,,,d,345.0,-0.1379807692307692,-0.1270181127012522
,,,,,,,,,,,,,,d,346.0,-0.1428220035778175,-0.1311046511627907
,,,,,,,,,,,,,,d,347.0,-0.1486806797853309,-0.129830053667263
,,,,,,,,,,,,,,d,348.0,-0.1343023255813953,-0.1324742844364937
,,,,,,,,,,,,,,d,349.0,-0.1263472719141324,-0.1297909212880143
,,,,,,,,,,,,,,d,350.0,-0.1536113595706619,-0.1220594812164579
,,,,,,,,,,,,,,d,351.0,-0.1364881484794275,-0.113886404293381
,,,,,,,,,,,,,,d,352.0,-0.1301375223613596,-0.1088662790697674
,,,,,,,,,,,,,,d,353.0,-0.1286840339892665,-0.1391882826475849
,,,,,,,,,,,,,,d,354.0,-0.1738539803220036,-0.0917039355992844
,,,,,,,,,,,,,,d,355.0,-0.1186270125223613,-0.1300760286225402
,,,,,,,,,,,,,,d,356.0,-0.1527224955277281,-0.1031529516994633
,,,,,,,,,,,,,,d,357.0,-0.1598222271914132,-0.0923915474060823
,,,,,,,,,,,,,,d,358.0,-0.1390932468694097,-0.1223893112701252
,,,,,,,,,,,,,,d,359.0,-0.1448680679785331,-0.1149150268336315
,,,,,,,,,,,,,,d,360.0,-0.1285889982110912,-0.1278175313059034
,,,,,,,,,,,,,,d,361.0,-0.145337656529517,-0.1078823792486583
,,,,,,,,,,,,,,d,362.0,-0.1448289355992844,-0.1052101967799642
,,,,,,,,,,,,,,d,363.0,-0.1550368962432916,-0.1336873881932021
,,,,,,,,,,,,,,d,364.0,-0.1343973613595707,-0.1279349284436494
,,,,,,,,,,,,,,d,365.0,-0.1529293381037567,-0.1215339892665474
,,,,,,,,,,,,,,d,366.0,-0.1423691860465116,-0.0990440518783542
,,,,,,,,,,,,,,d,367.0,-0.131065518783542,-0.1395628354203936
,,,,,,,,,,,,,,d,368.0,-0.1396355098389982,-0.1162678890876565
,,,,,,,,,,,,,,d,369.0,-0.1596545169946333,-0.1048468246869409
,,,,,,,,,,,,,,d,370.0,-0.1415977191413238,-0.1149094364937388
,,,,,,,,,,,,,,d,371.0,-0.1198065742397137,-0.129477862254025
,,,,,,,,,,,,,,d,372.0,-0.1398479427549195,-0.1199239713774597
,,,,,,,,,,,,,,d,373.0,-0.1330724508050089,-0.1312555903398927
,,,,,,,,,,,,,,d,374.0,-0.1440015652951699,-0.0998099284436493
,,,,,,,,,,,,,,d,375.0,-0.1458911001788909,-0.1084246422182469
,,,,,,,,,,,,,,d,376.0,-0.1487309928443649,-0.1035498658318425
,,,,,,,,,,,,,,d,377.0,-0.1493794722719141,-0.1052716905187835
,,,,,,,,,,,,,,d,378.0,-0.1349060822898032,-0.109089892665474
,,,,,,,,,,,,,,d,379.0,-0.1476576475849731,-0.107887969588551
,,,,,,,,,,,,,,d,380.0,-0.1378242397137746,-0.085929114490161
,,,,,,,,,,,,,,d,381.0,-0.123261404293381,-0.1314568425760286
,,,,,,,,,,,,,,d,382.0,-0.1392833184257603,-0.1080780411449016
,,,,,,,,,,,,,,d,383.0,-0.1454159212880143,-0.1162231663685152
,,,,,,,,,,,,,,d,384.0,-0.1452929338103757,-0.0988819320214669
,,,,,,,,,,,,,,d,385.0,-0.1403678443649374,-0.124865831842576
,,,,,,,,,,,,,,d,386.0,-0.1449183810375671,-0.1319599731663685
,,,,,,,,,,,,,,d,387.0,-0.1489490161001789,-0.1007155635062612
,,,,,,,,,,,,,,d,388.0,-0.1526833631484794,-0.1089613148479427
,,,,,,,,,,,,,,d,389.0,-0.1579103309481216,-0.1216681574239714
,,,,,,,,,,,,,,d,390.0,-0.1321835867620751,-0.1211817978533095
,,,,,,,,,,,,,,d,391.0,-0.1429785330948121,-0.1122931574239713
,,,,,,,,,,,,,,d,392.0,-0.1513752236135957,-0.1187444096601073
,,,,,,,,,,,,,,d,393.0,-0.1315630590339893,-0.1240887745974955
,,,,,,,,,,,,,,d,394.0,-0.1370360017889088,-0.1085979427549195
,,,,,,,,,,,,,,d,395.0,-0.1441413237924866,-0.0905299642218247
,,,,,,,,,,,,,,d,396.0,-0.1323345259391771,-0.1329103309481216
,,,,,,,,,,,,,,d,397.0,-0.1577482110912343,-0.0854539355992844
,,,,,,,,,,,,,,d,398.0,-0.1570270572450805,-0.093884168157424
,,,,,,,,,,,,,,d,399.0,-0.1456730769230769,-0.0853756708407871
,,,,,,,,,,,,,,d,400.0,-0.1356551878354204,-0.1173356440071556
,,,,,,,,,,,,,,d,401.0,-0.1360688729874776,-0.1116558586762075
,,,,,,,,,,,,,,d,402.0,-0.1550983899821109,-0.0926431127012522
,,,,,,,,,,,,,,d,403.0,-0.1433530858676207,-0.140507602862254
,,,,,,,,,,,,,,d,404.0,-0.1460476296958855,-0.0977582737030411
,,,,,,,,,,,,,,d,405.0,-0.1477135509838998,-0.1026218694096601
,,,,,,,,,,,,,,d,406.0,-0.1470538908765653,-0.093649373881932
,,,,,,,,,,,,,,d,407.0,-0.1426710644007155,-0.1101520572450805
,,,,,,,,,,,,,,d,408.0,-0.1424362701252236,-0.1159324686940966
,,,,,,,,,,,,,,d,409.0,-0.1474563953488372,-0.0914300089445438
,,,,,,,,,,,,,,d,410.0,-0.1570605992844365,-0.1193537567084078
,,,,,,,,,,,,,,d,411.0,-0.1502906976744186,-0.109375
,,,,,,,,,,,,,,d,412.0,-0.1499440966010733,-0.1060096153846154
,,,,,,,,,,,,,,d,413.0,-0.1328656082289803,-0.1238539803220035
,,,,,,,,,,,,,,d,414.0,-0.135878801431127,-0.1130813953488372
,,,,,,,,,,,,,,d,415.0,-0.1409883720930232,-0.1115720035778175
,,,,,,,,,,,,,,d,416.0,-0.1508497316636851,-0.0937388193202146
,,,,,,,,,,,,,,d,417.0,-0.1506932021466905,-0.1174418604651163
,,,,,,,,,,,,,,d,418.0,-0.1551822450805009,-0.0948568872987477
,,,,,,,,,,,,,,d,419.0,-0.1494130143112701,-0.1067587209302325
,,,,,,,,,,,,,,d,420.0,-0.1558307245080501,-0.1010230322003578
,,,,,,,,,,,,,,d,421.0,-0.1608564400715563,-0.0939959749552773
,,,,,,,,,,,,,,d,422.0,-0.1554226296958855,-0.0935711091234347
,,,,,,,,,,,,,,d,423.0,-0.1469141323792487,-0.1017721377459749
,,,,,,,,,,,,,,d,424.0,-0.1431238819320215,-0.1399206171735242
,,,,,,,,,,,,,,d,425.0,-0.1472048300536672,-0.1241670393559928
,,,,,,,,,,,,,,d,426.0,-0.1466681574239714,-0.106115831842576
,,,,,,,,,,,,,,d,427.0,-0.1348949016100179,-0.1033653846153846
,,,,,,,,,,,,,,d,428.0,-0.142313282647585,-0.0900771466905188
,,,,,,,,,,,,,,d,429.0,-0.1487813059033989,-0.0945046958855098
,,,,,,,,,,,,,,d,430.0,-0.1503410107334526,-0.0973613595706619
,,,,,,,,,,,,,,d,431.0,-0.1428555456171735,-0.1276721824686941
,,,,,,,,,,,,,,d,432.0,-0.1485688729874776,-0.1009783094812164
,,,,,,,,,,,,,,d,433.0,-0.1512634168157424,-0.0939959749552773
,,,,,,,,,,,,,,d,434.0,-0.1384447674418605,-0.0944264311270125
,,,,,,,,,,,,,,d,435.0,-0.1486415474060823,-0.1144007155635062
,,,,,,,,,,,,,,d,436.0,-0.1421567531305903,-0.1164188282647585
,,,,,,,,,,,,,,d,437.0,-0.1362309928443649,-0.1181462432915921
,,,,,,,,,,,,,,d,438.0,-0.1388640429338103,-0.1004807692307692
,,,,,,,,,,,,,,d,439.0,-0.1468861806797853,-0.1178443649373882
,,,,,,,,,,,,,,d,440.0,-0.1496198568872987,-0.0962041592128801
,,,,,,,,,,,,,,d,441.0,-0.140490831842576,-0.0948345259391771
,,,,,,,,,,,,,,d,442.0,-0.1661504919499105,-0.1015149821109123
,,,,,,,,,,,,,,d,443.0,-0.1426710644007155,-0.1191469141323792
,,,,,,,,,,,,,,d,444.0,-0.1383329606440071,-0.1049418604651163
,,,,,,,,,,,,,,d,445.0,-0.1514814400715563,-0.1311605545617173
,,,,,,,,,,,,,,d,446.0,-0.1356831395348837,-0.0961594364937388
,,,,,,,,,,,,,,d,447.0,-0.1444991055456172,-0.1168492844364937
,,,,,,,,,,,,,,d,448.0,-0.1629192754919499,-0.1304841234347048
,,,,,,,,,,,,,,d,449.0,-0.1720594812164579,-0.1034995527728086
,,,,,,,,,,,,,,d,450.0,-0.1382435152057245,-0.1009335867620751
,,,,,,,,,,,,,,d,451.0,-0.1380422629695885,-0.1286616726296959
,,,,,,,,,,,,,,d,452.0,-0.1240105098389982,-0.1103644901610018
,,,,,,,,,,,,,,d,453.0,-0.1457010286225402,-0.0845147584973166
,,,,,,,,,,,,,,d,454.0,-0.1397640876565295,-0.104779740608229
,,,,,,,,,,,,,,d,455.0,-0.1337880143112701,-0.1168101520572451
,,,,,,,,,,,,,,d,456.0,-0.154461091234347,-0.1002403846153846
,,,,,,,,,,,,,,d,457.0,-0.1444040697674418,-0.1138808139534884
,,,,,,,,,,,,,,d,458.0,-0.1408038908765653,-0.0990775939177102
,,,,,,,,,,,,,,d,459.0,-0.1292822003577817,-0.1244074239713774
,,,,,,,,,,,,,,d,460.0,-0.1475122987477639,-0.1201475849731663
,,,,,,,,,,,,,,d,461.0,-0.1427381484794276,-0.101470259391771
,,,,,,,,,,,,,,d,462.0,-0.1463103756708408,-0.1036001788908765
,,,,,,,,,,,,,,d,463.0,-0.1490887745974955,-0.118481663685152
,,,,,,,,,,,,,,d,464.0,-0.1386795617173524,-0.1400156529516995
,,,,,,,,,,,,,,d,465.0,-0.1540082737030411,-0.0878969141323792
,,,,,,,,,,,,,,d,466.0,-0.1501229874776386,-0.0996310375670841
,,,,,,,,,,,,,,d,467.0,-0.1415138640429338,-0.1322115384615384
,,,,,,,,,,,,,,d,468.0,-0.1396075581395349,-0.1133385509838998
,,,,,,,,,,,,,,d,469.0,-0.1302828711985689,-0.1314065295169946
,,,,,,,,,,,,,,d,470.0,-0.1513472719141324,-0.0934593023255814
,,,,,,,,,,,,,,d,471.0,-0.1382826475849732,-0.1329326923076923
,,,,,,,,,,,,,,d,472.0,-0.170371198568873,-0.0863707513416815
,,,,,,,,,,,,,,d,473.0,-0.1571332737030411,-0.0980377906976744
,,,,,,,,,,,,,,d,474.0,-0.1383497316636851,-0.1039411896243291
,,,,,,,,,,,,,,d,475.0,-0.1419331395348837,-0.1236024150268336
,,,,,,,,,,,,,,d,476.0,-0.1483899821109123,-0.0884615384615384
,,,,,,,,,,,,,,d,477.0,-0.1269454382826476,-0.1175089445438282
,,,,,,,,,,,,,,d,478.0,-0.1305623881932021,-0.1299921735241503
,,,,,,,,,,,,,,d,479.0,-0.148647137745975,-0.1175536672629696
,,,,,,,,,,,,,,d,480.0,-0.1431909660107334,-0.1003130590339893
,,,,,,,,,,,,,,d,481.0,-0.1341010733452594,-0.1183027728085867
,,,,,,,,,,,,,,d,482.0,-0.1494130143112701,-0.1209470035778175
,,,,,,,,,,,,,,d,483.0,-0.1335420393559928,-0.1170896690518783
,,,,,,,,,,,,,,d,484.0,-0.1550368962432916,-0.1158262522361359
,,,,,,,,,,,,,,d,485.0,-0.1536952146690519,-0.0910498658318425
,,,,,,,,,,,,,,d,486.0,-0.148563282647585,-0.1293436940966011
,,,,,,,,,,,,,,d,487.0,-0.1398591234347048,-0.1131428890876565
,,,,,,,,,,,,,,d,488.0,-0.1448680679785331,-0.110878801431127
,,,,,,,,,,,,,,d,489.0,-0.1342631932021467,-0.1072394901610018
,,,,,,,,,,,,,,d,490.0,-0.1403957960644007,-0.1259838998211091
,,,,,,,,,,,,,,d,491.0,-0.1335811717352415,-0.1451308139534884
,,,,,,,,,,,,,,d,492.0,-0.1305679785330948,-0.1241223166368515
,,,,,,,,,,,,,,d,493.0,-0.1509950805008944,-0.0944767441860465
,,,,,,,,,,,,,,d,494.0,-0.1352247316636851,-0.132770572450805
,,,,,,,,,,,,,,d,495.0,-0.1489210644007156,-0.1031976744186046
,,,,,,,,,,,,,,d,496.0,-0.1371757602862254,-0.1190015652951699
,,,,,,,,,,,,,,d,497.0,-0.1353868515205724,-0.1165306350626118
,,,,,,,,,,,,,,d,498.0,-0.1581283542039356,-0.0815239266547406
,,,,,,,,,,,,,,d,499.0,-0.1463774597495528,-0.1239601967799642
,,,,,,,,,,,,,,d,500.0,-0.1329494633273703,-0.1116838103756708
,,,,,,,,,,,,,,d,501.0,-0.1413629248658318,-0.1017944991055456
,,,,,,,,,,,,,,d,502.0,-0.1351408765652952,-0.1318928890876565
,,,,,,,,,,,,,,d,503.0,-0.138852862254025,-0.1084525939177102
,,,,,,,,,,,,,,d,504.0,-0.1353924418604651,-0.0982725849731663
,,,,,,,,,,,,,,d,505.0,-0.1522920393559928,-0.1108899821109123
,,,,,,,,,,,,,,d,506.0,-0.137298747763864,-0.1035275044722719
,,,,,,,,,,,,,,d,507.0,-0.1357893559928444,-0.1163349731663685
,,,,,,,,,,,,,,d,508.0,-0.1392218246869409,-0.1112868962432916
,,,,,,,,,,,,,,d,509.0,-0.1426598837209302,-0.0880758050089445
,,,,,,,,,,,,,,d,510.0,-0.1482725849731664,-0.0972998658318426
,,,,,,,,,,,,,,d,511.0,-0.1308195438282647,-0.1208855098389982
,,,,,,,,,,,,,,d,512.0,-0.1503689624329159,-0.0955500894454383
,,,,,,,,,,,,,,d,513.0,-0.1290026833631485,-0.1228868515205724
,,,,,,,,,,,,,,d,514.0,-0.1549418604651163,-0.112432915921288
,,,,,,,,,,,,,,d,515.0,-0.1591849284436494,-0.1010174418604651
,,,,,,,,,,,,,,d,516.0,-0.1473278175313059,-0.1187555903398926
,,,,,,,,,,,,,,d,517.0,-0.1457904740608229,-0.1103533094812165
,,,,,,,,,,,,,,d,518.0,-0.1588942307692308,-0.1253521914132379
,,,,,,,,,,,,,,d,519.0,-0.1401721824686941,-0.0866279069767442
,,,,,,,,,,,,,,d,520.0,-0.1490943649373882,-0.1039467799642218
,,,,,,,,,,,,,,d,521.0,-0.1439233005366726,-0.1006205277280858
,,,,,,,,,,,,,,d,522.0,-0.1406361806797853,-0.1167822003577817
,,,,,,,,,,,,,,d,523.0,-0.1527504472271914,-0.0806965563506261
,,,,,,,,,,,,,,d,524.0,-0.148529740608229,-0.1380534436493738
,,,,,,,,,,,,,,d,525.0,-0.1372763864042934,-0.1004416368515205
,,,,,,,,,,,,,,d,526.0,-0.1414300089445438,-0.1032983005366726
,,,,,,,,,,,,,,d,527.0,-0.1294331395348837,-0.1135789355992844
,,,,,,,,,,,,,,d,528.0,-0.1277560375670841,-0.1377292039355993
,,,,,,,,,,,,,,d,529.0,-0.1371478085867621,-0.1278063506261181
,,,,,,,,,,,,,,d,530.0,-0.1572059481216458,-0.1187611806797853
,,,,,,,,,,,,,,d,531.0,-0.1537567084078712,-0.0972942754919499
,,,,,,,,,,,,,,d,532.0,-0.1429114490161002,-0.1228085867620751
,,,,,,,,,,,,,,d,533.0,-0.1295673076923077,-0.1252124329159213
,,,,,,,,,,,,,,d,534.0,-0.1224004919499105,-0.1238819320214669
,,,,,,,,,,,,,,d,535.0,-0.1356663685152057,-0.1116502683363148
,,,,,,,,,,,,,,d,536.0,-0.1533653846153846,-0.1198009838998211
,,,,,,,,,,,,,,d,537.0,-0.1495863148479428,-0.0780131932021467
,,,,,,,,,,,,,,d,538.0,-0.1341513864042934,-0.10591457960644
,,,,,,,,,,,,,,d,539.0,-0.135644007155635,-0.1039355992844365
,,,,,,,,,,,,,,d,540.0,-0.1383832737030411,-0.0991279069767442
,,,,,,,,,,,,,,d,541.0,-0.1383776833631484,-0.1354986583184257
,,,,,,,,,,,,,,d,542.0,-0.1603477191413238,-0.1171399821109123
,,,,,,,,,,,,,,d,543.0,-0.1463495080500894,-0.1263305008944544
,,,,,,,,,,,,,,d,544.0,-0.1518280411449016,-0.11241614490161
,,,,,,,,,,,,,,d,545.0,-0.1505925760286225,-0.1034548300536672
,,,,,,,,,,,,,,d,546.0,-0.1492341234347048,-0.0936214221824687
,,,,,,,,,,,,,,d,547.0,-0.1238931127012522,-0.129477862254025
,,,,,,,,,,,,,,d,548.0,-0.1494689177101968,-0.1146578711985688
,,,,,,,,,,,,,,d,549.0,-0.1342687835420394,-0.1149206171735241
,,,,,,,,,,,,,,d,550.0,-0.1253466010733452,-0.1316636851520572
,,,,,,,,,,,,,,d,551.0,-0.1526442307692308,-0.1153343023255814
,,,,,,,,,,,,,,d,552.0,-0.1474340339892665,-0.0984402951699463
,,,,,,,,,,,,,,d,553.0,-0.1459917262969589,-0.1207289803220036
,,,,,,,,,,,,,,d,554.0,-0.1575916815742397,-0.0788461538461538
,,,,,,,,,,,,,,d,555.0,-0.1374944096601073,-0.1296567531305903
,,,,,,,,,,,,,,d,556.0,-0.1445326475849732,-0.1228141771019678
,,,,,,,,,,,,,,d,557.0,-0.1463383273703041,-0.1255702146690519
,,,,,,,,,,,,,,d,558.0,-0.1392944991055456,-0.1078767889087656
,,,,,,,,,,,,,,d,559.0,-0.1363092576028622,-0.1351073345259392
,,,,,,,,,,,,,,d,560.0,-0.1525380143112701,-0.1153957960644007
,,,,,,,,,,,,,,d,561.0,-0.1443649373881932,-0.1076643559928443
,,,,,,,,,,,,,,d,562.0,-0.1336314847942755,-0.1316972271914132
,,,,,,,,,,,,,,d,563.0,-0.1491558586762075,-0.0914970930232558
,,,,,,,,,,,,,,d,564.0,-0.1536784436493739,-0.1040865384615384
,,,,,,,,,,,,,,d,565.0,-0.1486303667262969,-0.0981160554561717
,,,,,,,,,,,,,,d,566.0,-0.1394845706618962,-0.1209637745974955
,,,,,,,,,,,,,,d,567.0,-0.1335588103756708,-0.1054058586762075
,,,,,,,,,,,,,,d,568.0,-0.1472048300536672,-0.104528175313059
,,,,,,,,,,,,,,d,569.0,-0.1513416815742397,-0.1149988819320214
,,,,,,,,,,,,,,d,570.0,-0.1359179338103757,-0.1136516100178891
,,,,,,,,,,,,,,d,571.0,-0.1111639087656529,-0.1677772808586762
,,,,,,,,,,,,,,d,572.0,-0.1453767889087656,-0.0969141323792486
,,,,,,,,,,,,,,d,573.0,-0.1433139534883721,-0.1024765205724508
,,,,,,,,,,,,,,d,574.0,-0.1457457513416815,-0.1121701699463327
,,,,,,,,,,,,,,d,575.0,-0.1281194096601073,-0.1393783542039356
,,,,,,,,,,,,,,d,576.0,-0.1438953488372093,-0.0978365384615384
,,,,,,,,,,,,,,d,577.0,-0.1533038908765653,-0.1120527728085867
,,,,,,,,,,,,,,d,578.0,-0.148429114490161,-0.0944543828264758
,,,,,,,,,,,,,,d,579.0,-0.1427884615384615,-0.0975011180679785
,,,,,,,,,,,,,,d,580.0,-0.1417262969588551,-0.0973166368515205
,,,,,,,,,,,,,,d,581.0,-0.1522025939177102,-0.1120248211091234
,,,,,,,,,,,,,,d,582.0,-0.1544722719141324,-0.1160666368515206
,,,,,,,,,,,,,,d,583.0,-0.1435711091234347,-0.096891771019678
,,,,,,,,,,,,,,d,584.0,-0.1427828711985689,-0.1317084078711985
,,,,,,,,,,,,,,d,585.0,-0.1392833184257603,-0.1124888193202146
,,,,,,,,,,,,,,d,586.0,-0.1468023255813953,-0.1250726744186046
,,,,,,,,,,,,,,d,587.0,-0.1474116726296959,-0.0996589892665474
,,,,,,,,,,,,,,d,588.0,-0.1386348389982111,-0.1143280411449016
,,,,,,,,,,,,,,d,589.0,-0.1414691413237925,-0.1245807245080501
,,,,,,,,,,,,,,d,590.0,-0.1387690071556351,-0.1123043381037567
,,,,,,,,,,,,,,d,591.0,-0.1382043828264758,-0.1373602415026834
,,,,,,,,,,,,,,d,592.0,-0.1663908765652952,-0.0972439624329159
,,,,,,,,,,,,,,d,593.0,-0.1549027280858676,-0.1105322003577817
,,,,,,,,,,,,,,d,594.0,-0.1446668157423971,-0.1125950357781753
,,,,,,,,,,,,,,d,595.0,-0.1268336314847943,-0.1111694991055456
,,,,,,,,,,,,,,d,596.0,-0.15016771019678,-0.1106495974955277
,,,,,,,,,,,,,,d,597.0,-0.149714892665474,-0.1013249105545617
,,,,,,,,,,,,,,d,598.0,-0.1406697227191413,-0.0749217352415027
,,,,,,,,,,,,,,d,599.0,-0.126369633273703,-0.1130031305903399
,,,,,,,,,,,,,,d,600.0,-0.1423915474060823,-0.1262634168157424
,,,,,,,,,,,,,,d,601.0,-0.1383665026833631,-0.106065518783542
,,,,,,,,,,,,,,d,602.0,-0.1456339445438283,-0.1304282200357782
,,,,,,,,,,,,,,d,603.0,-0.1291536225402504,-0.1320102862254025
,,,,,,,,,,,,,,d,604.0,-0.1591346153846154,-0.0957010286225402
,,,,,,,,,,,,,,d,605.0,-0.1347775044722719,-0.1316580948121646
,,,,,,,,,,,,,,d,606.0,-0.1471768783542039,-0.1259168157423971
,,,,,,,,,,,,,,d,607.0,-0.1578935599284436,-0.0858173076923077
,,,,,,,,,,,,,,d,608.0,-0.1577314400715563,-0.1085588103756708
,,,,,,,,,,,,,,d,609.0,-0.1236694991055456,-0.1222327817531306
,,,,,,,,,,,,,,d,610.0,-0.1595371198568873,-0.0933195438282647
,,,,,,,,,,,,,,d,611.0,-0.1561270125223613,-0.120220259391771
,,,,,,,,,,,,,,d,612.0,-0.1471601073345259,-0.0783821556350626
,,,,,,,,,,,,,,d,613.0,-0.1722216010733452,-0.1103644901610018
,,,,,,,,,,,,,,d,614.0,-0.1416200805008944,-0.126688282647585
,,,,,,,,,,,,,,d,615.0,-0.1270907871198569,-0.1030020125223613
,,,,,,,,,,,,,,d,616.0,-0.1438618067978533,-0.093682915921288
,,,,,,,,,,,,,,d,617.0,-0.1551990161001789,-0.0891435599284436
,,,,,,,,,,,,,,d,618.0,-0.1503186493738819,-0.117011404293381
,,,,,,,,,,,,,,d,619.0,-0.1226017441860465,-0.1227023703041145
,,,,,,,,,,,,,,d,620.0,-0.1515093917710197,-0.112214892665474
,,,,,,,,,,,,,,d,621.0,-0.1371310375670841,-0.0853756708407871
,,,,,,,,,,,,,,d,622.0,-0.1486359570661896,-0.1226967799642218
,,,,,,,,,,,,,,d,623.0,-0.1506820214669052,-0.1137186940966011
,,,,,,,,,,,,,,d,624.0,-0.1531473613595707,-0.1166648032200357
,,,,,,,,,,,,,,d,625.0,-0.1503857334525939,-0.1103700805008944
,,,,,,,,,,,,,,d,626.0,-0.1380199016100179,-0.1360465116279069
,,,,,,,,,,,,,,d,627.0,-0.137181350626118,-0.1002292039355993
,,,,,,,,,,,,,,d,628.0,-0.1522025939177102,-0.1096656976744186
,,,,,,,,,,,,,,d,629.0,-0.1636516100178891,-0.1077761627906977
,,,,,,,,,,,,,,d,630.0,-0.1334693649373882,-0.0986694991055456
,,,,,,,,,,,,,,d,631.0,-0.1456786672629696,-0.1131540697674418
,,,,,,,,,,,,,,d,632.0,-0.1327314400715563,-0.1273199910554562
,,,,,,,,,,,,,,d,633.0,-0.154679114490161,-0.1079941860465116
,,,,,,,,,,,,,,d,634.0,-0.14079271019678,-0.0984179338103756
,,,,,,,,,,,,,,d,635.0,-0.1434089892665474,-0.1088606887298747
,,,,,,,,,,,,,,d,636.0,-0.1400715563506261,-0.1161616726296959
,,,,,,,,,,,,,,d,637.0,-0.1556853756708408,-0.115742397137746
,,,,,,,,,,,,,,d,638.0,-0.1531641323792487,-0.1018559928443649
,,,,,,,,,,,,,,d,639.0,-0.1522193649373882,-0.1293716457960644
,,,,,,,,,,,,,,d,640.0,-0.1555735688729875,-0.1221153846153846
,,,,,,,,,,,,,,d,641.0,-0.1394118962432916,-0.0960252683363148
,,,,,,,,,,,,,,d,642.0,-0.1414188282647585,-0.1096768783542039
,,,,,,,,,,,,,,d,643.0,-0.1461314847942755,-0.1165362254025044
,,,,,,,,,,,,,,d,644.0,-0.1553331842576029,-0.0923803667262969
,,,,,,,,,,,,,,d,645.0,-0.157686717352415,-0.0952817531305903
,,,,,,,,,,,,,,d,646.0,-0.1462991949910554,-0.1085923524150268
,,,,,,,,,,,,,,d,647.0,-0.1503521914132379,-0.0899765205724508
,,,,,,,,,,,,,,d,648.0,-0.1396858228980322,-0.1148032200357782
,,,,,,,,,,,,,,d,649.0,-0.1409045169946333,-0.1259559481216458
,,,,,,,,,,,,,,d,650.0,-0.1358228980322003,-0.1187220483005367
,,,,,,,,,,,,,,d,651.0,-0.1379863595706619,-0.1322283094812165
,,,,,,,,,,,,,,d,652.0,-0.1336817978533095,-0.1247260733452594
,,,,,,,,,,,,,,d,653.0,-0.120253801431127,-0.1315295169946332
,,,,,,,,,,,,,,d,654.0,-0.1352526833631485,-0.1089836762075134
,,,,,,,,,,,,,,d,655.0,-0.1612086314847943,-0.1141771019677996
,,,,,,,,,,,,,,d,656.0,-0.1415474060822898,-0.1061437835420393
,,,,,,,,,,,,,,d,657.0,-0.1401050983899821,-0.1240552325581395
,,,,,,,,,,,,,,d,658.0,-0.1428108228980322,-0.1042095259391771
,,,,,,,,,,,,,,d,659.0,-0.1358340787119857,-0.1247260733452594
,,,,,,,,,,,,,,d,660.0,-0.1698457066189624,-0.0647640876565295
,,,,,,,,,,,,,,d,661.0,-0.1463774597495528,-0.1146355098389982
,,,,,,,,,,,,,,d,662.0,-0.1503130590339892,-0.1096656976744186
,,,,,,,,,,,,,,d,663.0,-0.1353029964221825,-0.1171008497316637
,,,,,,,,,,,,,,d,664.0,-0.1525883273703041,-0.1173188729874776
,,,,,,,,,,,,,,d,665.0,-0.1443481663685152,-0.1193593470483005
,,,,,,,,,,,,,,d,666.0,-0.1315518783542039,-0.1111024150268336
,,,,,,,,,,,,,,d,667.0,-0.1597439624329159,-0.0880925760286225
,,,,,,,,,,,,,,d,668.0,-0.1411001788908766,-0.1005310822898032
,,,,,,,,,,,,,,d,669.0,-0.1504584078711986,-0.087147808586762
,,,,,,,,,,,,,,d,670.0,-0.1501733005366726,-0.0909716010733452
,,,,,,,,,,,,,,d,671.0,-0.1451643559928443,-0.0967799642218247
,,,,,,,,,,,,,,d,672.0,-0.1427772808586762,-0.0966625670840787
,,,,,,,,,,,,,,d,673.0,-0.1325972719141324,-0.151537343470483
,,,,,,,,,,,,,,d,674.0,-0.1622875670840787,-0.0838718694096601
,,,,,,,,,,,,,,d,675.0,-0.1443537567084079,-0.1379975402504472
,,,,,,,,,,,,,,d,676.0,-0.1246310375670841,-0.1322227191413238
,,,,,,,,,,,,,,d,677.0,-0.1451084525939177,-0.1212321109123435
,,,,,,,,,,,,,,d,678.0,-0.1383385509838998,-0.1202426207513417
,,,,,,,,,,,,,,d,679.0,-0.1396578711985689,-0.1158877459749553
,,,,,,,,,,,,,,d,680.0,-0.1392274150268336,-0.1151610017889087
,,,,,,,,,,,,,,d,681.0,-0.1300704382826476,-0.1068984794275492
,,,,,,,,,,,,,,d,682.0,-0.156317084078712,-0.095019007155635
,,,,,,,,,,,,,,d,683.0,-0.1487254025044722,-0.0928723166368515
,,,,,,,,,,,,,,d,684.0,-0.1275100626118068,-0.1442699016100179
,,,,,,,,,,,,,,d,685.0,-0.1554114490161002,-0.1103421288014311
,,,,,,,,,,,,,,d,686.0,-0.157703488372093,-0.0710867620751341
,,,,,,,,,,,,,,d,687.0,-0.1416368515205724,-0.1168157423971377
,,,,,,,,,,,,,,d,688.0,-0.1235465116279069,-0.1250223613595706
,,,,,,,,,,,,,,d,689.0,-0.1367788461538461,-0.1207625223613595
,,,,,,,,,,,,,,d,690.0,-0.1520348837209302,-0.1104483452593917
,,,,,,,,,,,,,,d,691.0,-0.1562611806797853,-0.096757602862254
,,,,,,,,,,,,,,d,692.0,-0.1342631932021467,-0.1383050089445438
,,,,,,,,,,,,,,d,693.0,-0.1497093023255814,-0.1074575134168157
,,,,,,,,,,,,,,d,694.0,-0.157686717352415,-0.1117173524150268
,,,,,,,,,,,,,,d,695.0,-0.1302101967799642,-0.1272081842576028
,,,,,,,,,,,,,,d,696.0,-0.1585979427549195,-0.0890429338103756
,,,,,,,,,,,,,,d,697.0,-0.1647808586762075,-0.1159268783542039
,,,,,,,,,,,,,,d,698.0,-0.1524373881932021,-0.0862757155635062
,,,,,,,,,,,,,,d,699.0,-0.1291144901610018,-0.1263640429338104
,,,,,,,,,,,,,,d,700.0,-0.1324966457960644,-0.1112980769230769
,,,,,,,,,,,,,,d,701.0,-0.1556015205724508,-0.1101185152057245
,,,,,,,,,,,,,,d,702.0,-0.1395069320214669,-0.0909268783542039
,,,,,,,,,,,,,,d,703.0,-0.1363260286225402,-0.1023199910554562
,,,,,,,,,,,,,,d,704.0,-0.1462936046511628,-0.1036952146690518
,,,,,,,,,,,,,,d,705.0,-0.1273982558139535,-0.134341457960644
,,,,,,,,,,,,,,d,706.0,-0.1416815742397138,-0.0978700805008944
,,,,,,,,,,,,,,d,707.0,-0.1645740161001789,-0.096891771019678
,,,,,,,,,,,,,,d,708.0,-0.1525547853309481,-0.1172909212880143
,,,,,,,,,,,,,,d,709.0,-0.1484514758497317,-0.112399373881932
,,,,,,,,,,,,,,d,710.0,-0.156065518783542,-0.1032312164579606
,,,,,,,,,,,,,,d,711.0,-0.164020572450805,-0.1084134615384615
,,,,,,,,,,,,,,d,712.0,-0.1494409660107334,-0.1182748211091234
,,,,,,,,,,,,,,d,713.0,-0.1464780858676208,-0.0979651162790697
,,,,,,,,,,,,,,d,714.0,-0.1510006708407871,-0.082787343470483
,,,,,,,,,,,,,,d,715.0,-0.1439177101967799,-0.1195438282647585
,,,,,,,,,,,,,,d,716.0,-0.1471601073345259,-0.1113651610017889
,,,,,,,,,,,,,,d,717.0,-0.1248714221824687,-0.1116838103756708
,,,,,,,,,,,,,,d,718.0,-0.1508553220035778,-0.1069543828264758
,,,,,,,,,,,,,,d,719.0,-0.1476464669051878,-0.117112030411449
,,,,,,,,,,,,,,d,720.0,-0.1454271019677996,-0.0955277280858676
,,,,,,,,,,,,,,d,721.0,-0.1419834525939177,-0.1173412343470483
,,,,,,,,,,,,,,d,722.0,-0.1477023703041145,-0.0957345706618962
,,,,,,,,,,,,,,d,723.0,-0.1332066189624329,-0.118884168157424
,,,,,,,,,,,,,,d,724.0,-0.1532479874776386,-0.0882882379248658
,,,,,,,,,,,,,,d,725.0,-0.1430008944543828,-0.0987309928443649
,,,,,,,,,,,,,,d,726.0,-0.1472830948121646,-0.1223557692307692
,,,,,,,,,,,,,,d,727.0,-0.1445326475849732,-0.1239713774597495
,,,,,,,,,,,,,,d,728.0,-0.1318425760286225,-0.1309201699463327
,,,,,,,,,,,,,,d,729.0,-0.1473501788908766,-0.1060207960644007
,,,,,,,,,,,,,,d,730.0,-0.1472495527728086,-0.1065854203935599
,,,,,,,,,,,,,,d,731.0,-0.1481887298747764,-0.0890820661896243
,,,,,,,,,,,,,,d,732.0,-0.1471433363148479,-0.107804114490161
,,,,,,,,,,,,,,d,733.0,-0.1345315295169946,-0.1167039355992844
,,,,,,,,,,,,,,d,734.0,-0.1445438282647585,-0.1145404740608229
,,,,,,,,,,,,,,d,735.0,-0.1476967799642218,-0.0818761180679785
,,,,,,,,,,,,,,d,736.0,-0.1312891323792487,-0.1283542039355993
,,,,,,,,,,,,,,d,737.0,-0.1411113595706619,-0.1091961091234347
,,,,,,,,,,,,,,d,738.0,-0.1491838103756708,-0.1127515652951699
,,,,,,,,,,,,,,d,739.0,-0.1341122540250447,-0.1164244186046511
,,,,,,,,,,,,,,d,740.0,-0.1432692307692308,-0.0932468694096601
,,,,,,,,,,,,,,d,741.0,-0.1396858228980322,-0.1440574686940966
,,,,,,,,,,,,,,d,742.0,-0.1263752236135957,-0.1242788461538461
,,,,,,,,,,,,,,d,743.0,-0.1470538908765653,-0.1218638193202146
,,,,,,,,,,,,,,d,744.0,-0.1353085867620751,-0.1308698568872987
,,,,,,,,,,,,,,d,745.0,-0.1430567978533095,-0.120119633273703
,,,,,,,,,,,,,,d,746.0,-0.1451252236135957,-0.1182860017889087
,,,,,,,,,,,,,,d,747.0,-0.1474284436493739,-0.132804114490161
,,,,,,,,,,,,,,d,748.0,-0.143867397137746,-0.1025436046511628
,,,,,,,,,,,,,,d,749.0,-0.1480713327370304,-0.1189177101967799
,,,,,,,,,,,,,,d,750.0,-0.1237589445438282,-0.1211594364937388
,,,,,,,,,,,,,,d,751.0,-0.1487589445438283,-0.0910666368515206
,,,,,,,,,,,,,,d,752.0,-0.1435431574239714,-0.1332681127012522
,,,,,,,,,,,,,,d,753.0,-0.1568090339892665,-0.0815910107334526
,,,,,,,,,,,,,,d,754.0,-0.1481216457960644,-0.1125894454382826
,,,,,,,,,,,,,,d,755.0,-0.1303834973166368,-0.1135286225402504
,,,,,,,,,,,,,,d,756.0,-0.1361471377459749,-0.1384335867620751
,,,,,,,,,,,,,,d,757.0,-0.1397920393559928,-0.129544946332737
,,,,,,,,,,,,,,d,758.0,-0.1397417262969588,-0.1082960644007155
,,,,,,,,,,,,,,d,759.0,-0.1297014758497316,-0.1272081842576028
,,,,,,,,,,,,,,d,760.0,-0.1429114490161002,-0.1133944543828265
,,,,,,,,,,,,,,d,761.0,-0.1380478533094812,-0.1426934257602862
,,,,,,,,,,,,,,d,762.0,-0.1536113595706619,-0.1319767441860465
,,,,,,,,,,,,,,d,763.0,-0.1392274150268336,-0.1286169499105545
,,,,,,,,,,,,,,d,764.0,-0.1463830500894454,-0.1082848837209302
,,,,,,,,,,,,,,d,765.0,-0.1604986583184258,-0.092078488372093
,,,,,,,,,,,,,,d,766.0,-0.132703488372093,-0.0976073345259392
,,,,,,,,,,,,,,d,767.0,-0.1397361359570662,-0.1010677549194991
,,,,,,,,,,,,,,d,768.0,-0.1418045617173524,-0.1199631037567084
,,,,,,,,,,,,,,d,769.0,-0.1375055903398926,-0.1132714669051878
,,,,,,,,,,,,,,d,770.0,-0.141894007155635,-0.1082960644007155
,,,,,,,,,,,,,,d,771.0,-0.1336370751341681,-0.1242508944543828
,,,,,,,,,,,,,,d,772.0,-0.1474004919499106,-0.1133329606440071
,,,,,,,,,,,,,,d,773.0,-0.1355936940966011,-0.1005366726296959
,,,,,,,,,,,,,,d,774.0,-0.1554841234347048,-0.0944655635062611
,,,,,,,,,,,,,,d,775.0,-0.1226352862254025,-0.13108228980322
,,,,,,,,,,,,,,d,776.0,-0.1524821109123435,-0.0977415026833631
,,,,,,,,,,,,,,d,777.0,-0.1254360465116279,-0.1561214221824687
,,,,,,,,,,,,,,d,778.0,-0.1383105992844365,-0.1141323792486583
,,,,,,,,,,,,,,d,779.0,-0.1425145348837209,-0.1347886851520572
,,,,,,,,,,,,,,d,780.0,-0.1384615384615385,-0.1108843917710197
,,,,,,,,,,,,,,d,781.0,-0.1493738819320214,-0.1037008050089445
,,,,,,,,,,,,,,d,782.0,-0.1548076923076923,-0.115306350626118
,,,,,,,,,,,,,,d,783.0,-0.1452258497316637,-0.1008329606440071
,,,,,,,,,,,,,,d,784.0,-0.1659212880143113,-0.104578488372093
,,,,,,,,,,,,,,d,785.0,-0.1543716457960644,-0.0931350626118068
,,,,,,,,,,,,,,d,786.0,-0.161063282647585,-0.1044387298747764
,,,,,,,,,,,,,,d,787.0,-0.1480825134168157,-0.1195270572450805
,,,,,,,,,,,,,,d,788.0,-0.138701923076923,-0.1195214669051878
,,,,,,,,,,,,,,d,789.0,-0.1327426207513417,-0.1307077370304114
,,,,,,,,,,,,,,d,790.0,-0.1245639534883721,-0.0889646690518783
,,,,,,,,,,,,,,d,791.0,-0.1329997763864043,-0.1400268336314848
,,,,,,,,,,,,,,d,792.0,-0.1322618515205725,-0.1280635062611806
,,,,,,,,,,,,,,d,793.0,-0.1281641323792486,-0.1227359123434704
,,,,,,,,,,,,,,d,794.0,-0.1368794722719141,-0.0999105545617173
,,,,,,,,,,,,,,d,795.0,-0.142044946332737,-0.1256484794275492
,,,,,,,,,,,,,,d,796.0,-0.1386963327370304,-0.1283653846153846
,,,,,,,,,,,,,,d,797.0,-0.1479203935599284,-0.1140820661896243
,,,,,,,,,,,,,,d,798.0,-0.1410889982110912,-0.1097327817531306
,,,,,,,,,,,,,,d,799.0,-0.1474563953488372,-0.1083519677996422
,,,,,,,,,,,,,,d,800.0,-0.1424474508050089,-0.117128801431127
,,,,,,,,,,,,,,d,801.0,-0.1564233005366726,-0.0946891771019678
,,,,,,,,,,,,,,d,802.0,-0.1329941860465116,-0.12162343470483
,,,,,,,,,,,,,,d,803.0,-0.1489210644007156,-0.1061940966010733
,,,,,,,,,,,,,,d,804.0,-0.1481272361359571,-0.1081730769230769
,,,,,,,,,,,,,,d,805.0,-0.1502403846153846,-0.1047517889087656
,,,,,,,,,,,,,,d,806.0,-0.1434537119856887,-0.1104148032200358
,,,,,,,,,,,,,,d,807.0,-0.143565518783542,-0.1192195885509839
,,,,,,,,,,,,,,d,808.0,-0.1460308586762075,-0.0843302772808586
,,,,,,,,,,,,,,d,809.0,-0.1434257602862254,-0.1148367620751341
,,,,,,,,,,,,,,d,810.0,-0.1449742844364937,-0.1085029069767442
,,,,,,,,,,,,,,d,811.0,-0.135794946332737,-0.1320270572450805
,,,,,,,,,,,,,,d,812.0,-0.148445885509839,-0.107569320214669
,,,,,,,,,,,,,,d,813.0,-0.1597551431127012,-0.1035778175313059
,,,,,,,,,,,,,,d,814.0,-0.1360912343470483,-0.118884168157424
,,,,,,,,,,,,,,d,815.0,-0.1425760286225403,-0.1099060822898032
,,,,,,,,,,,,,,d,816.0,-0.1511627906976744,-0.11537343470483
,,,,,,,,,,,,,,d,817.0,-0.1546902951699463,-0.0966849284436493
,,,,,,,,,,,,,,d,818.0,-0.1497428443649374,-0.1269286672629696
,,,,,,,,,,,,,,d,819.0,-0.1416200805008944,-0.117028175313059
,,,,,,,,,,,,,,d,820.0,-0.1486359570661896,-0.1046176207513417
,,,,,,,,,,,,,,d,821.0,-0.149714892665474,-0.1080612701252236
,,,,,,,,,,,,,,d,822.0,-0.1410219141323792,-0.151587656529517
,,,,,,,,,,,,,,d,823.0,-0.1597271914132379,-0.0785051431127012
,,,,,,,,,,,,,,d,824.0,-0.1503745527728086,-0.1150380143112701
,,,,,,,,,,,,,,d,825.0,-0.1370919051878354,-0.1119689177101968
,,,,,,,,,,,,,,d,826.0,-0.1429002683363149,-0.1133161896243291
,,,,,,,,,,,,,,d,827.0,-0.120270572450805,-0.1251677101967799
,,,,,,,,,,,,,,d,828.0,-0.1581954382826476,-0.1088662790697674
,,,,,,,,,,,,,,d,829.0,-0.1455277280858676,-0.1242229427549195
,,,,,,,,,,,,,,d,830.0,-0.1531864937388193,-0.0931686046511628
,,,,,,,,,,,,,,d,831.0,-0.13133385509839,-0.1070046958855098
,,,,,,,,,,,,,,d,832.0,-0.1382323345259392,-0.1156641323792486
,,,,,,,,,,,,,,d,833.0,-0.1537008050089445,-0.0985576923076923
,,,,,,,,,,,,,,d,834.0,-0.148311717352415,-0.1093190966010733
,,,,,,,,,,,,,,d,835.0,-0.1344868067978533,-0.0974899373881932
,,,,,,,,,,,,,,d,836.0,-0.1394118962432916,-0.1107893559928443
,,,,,,,,,,,,,,d,837.0,-0.131317084078712,-0.1396914132379249
,,,,,,,,,,,,,,d,838.0,-0.1351744186046511,-0.1296735241502683
,,,,,,,,,,,,,,d,839.0,-0.1481663685152057,-0.1192475402504472
,,,,,,,,,,,,,,d,840.0,-0.1487477638640429,-0.0873211091234347
,,,,,,,,,,,,,,d,841.0,-0.1547014758497316,-0.0952314400715563
,,,,,,,,,,,,,,d,842.0,-0.1372707960644007,-0.1193928890876565
,,,,,,,,,,,,,,d,843.0,-0.1360241502683363,-0.1149485688729875
,,,,,,,,,,,,,,d,844.0,-0.1413741055456172,-0.1252851073345259
,,,,,,,,,,,,,,d,845.0,-0.1398647137745975,-0.1057748211091234
,,,,,,,,,,,,,,d,846.0,-0.1338047853309481,-0.1230992844364937
,,,,,,,,,,,,,,d,847.0,-0.1328264758497316,-0.1330668604651163
,,,,,,,,,,,,,,d,848.0,-0.1656473613595707,-0.1215675313059034
,,,,,,,,,,,,,,d,849.0,-0.1469476744186046,-0.1036225402504472
,,,,,,,,,,,,,,d,850.0,-0.1445326475849732,-0.0996310375670841
,,,,,,,,,,,,,,d,851.0,-0.1487477638640429,-0.0871757602862254
,,,,,,,,,,,,,,d,852.0,-0.1336314847942755,-0.0925760286225402
,,,,,,,,,,,,,,d,853.0,-0.1497372540250447,-0.1095371198568873
,,,,,,,,,,,,,,d,854.0,-0.148328488372093,-0.1104483452593917
,,,,,,,,,,,,,,d,855.0,-0.1358228980322003,-0.1229259838998211
,,,,,,,,,,,,,,d,856.0,-0.1582848837209302,-0.0847104203935599
,,,,,,,,,,,,,,d,857.0,-0.1536057692307692,-0.1154852415026833
,,,,,,,,,,,,,,d,858.0,-0.1531697227191413,-0.0930679785330948
,,,,,,,,,,,,,,d,859.0,-0.143766771019678,-0.0970986135957066
,,,,,,,,,,,,,,d,860.0,-0.1282256261180679,-0.1202258497316637
,,,,,,,,,,,,,,d,861.0,-0.1446220930232558,-0.0962544722719141
,,,,,,,,,,,,,,d,862.0,-0.1508832737030412,-0.1153175313059034
,,,,,,,,,,,,,,d,863.0,-0.153259168157424,-0.0991223166368515
,,,,,,,,,,,,,,d,864.0,-0.1522081842576028,-0.0903846153846154
,,,,,,,,,,,,,,d,865.0,-0.138886404293381,-0.1237254025044723
,,,,,,,,,,,,,,d,866.0,-0.1269957513416816,-0.1036337209302325
,,,,,,,,,,,,,,d,867.0,-0.1393392218246869,-0.112600626118068
,,,,,,,,,,,,,,d,868.0,-0.1447338998211091,-0.0989546064400715
,,,,,,,,,,,,,,d,869.0,-0.1384224060822898,-0.1048132826475849
,,,,,,,,,,,,,,d,870.0,-0.1243403398926654,-0.1206730769230769
,,,,,,,,,,,,,,d,871.0,-0.1429841234347048,-0.1269230769230769
,,,,,,,,,,,,,,d,872.0,-0.1282144454382826,-0.1151498211091234
,,,,,,,,,,,,,,d,873.0,-0.1455444991055456,-0.1229092128801431
,,,,,,,,,,,,,,d,874.0,-0.1474004919499106,-0.118733228980322
,,,,,,,,,,,,,,d,875.0,-0.1552884615384615,-0.1201755366726297
,,,,,,,,,,,,,,d,876.0,-0.1392944991055456,-0.1340787119856887
,,,,,,,,,,,,,,d,877.0,-0.1470203488372093,-0.1093526386404293
,,,,,,,,,,,,,,d,878.0,-0.1526274597495528,-0.0849675760286225
,,,,,,,,,,,,,,d,879.0,-0.1524932915921288,-0.1116223166368515
,,,,,,,,,,,,,,d,880.0,-0.1282312164579606,-0.1297909212880143
,,,,,,,,,,,,,,d,881.0,-0.1479539355992844,-0.1120527728085867
,,,,,,,,,,,,,,d,882.0,-0.1590116279069767,-0.0868459302325581
,,,,,,,,,,,,,,d,883.0,-0.1390317531305903,-0.1183195438282647
,,,,,,,,,,,,,,d,884.0,-0.1400547853309481,-0.1423021019677996
,,,,,,,,,,,,,,d,885.0,-0.1642497763864043,-0.1000391323792486
,,,,,,,,,,,,,,d,886.0,-0.1407815295169946,-0.1366726296958855
,,,,,,,,,,,,,,d,887.0,-0.1481328264758497,-0.1064456618962433
,,,,,,,,,,,,,,d,888.0,-0.1451252236135957,-0.1186046511627907
,,,,,,,,,,,,,,d,889.0,-0.1444543828264758,-0.1148479427549195
,,,,,,,,,,,,,,d,890.0,-0.1425480769230769,-0.1216178443649374
,,,,,,,,,,,,,,d,891.0,-0.1415529964221824,-0.1171343917710197
,,,,,,,,,,,,,,d,892.0,-0.1451084525939177,-0.1176319320214669
,,,,,,,,,,,,,,d,893.0,-0.1391882826475849,-0.1239322450805009
,,,,,,,,,,,,,,d,894.0,-0.1399653398926655,-0.1036896243291592
,,,,,,,,,,,,,,d,895.0,-0.1512186940966011,-0.1158486135957066
,,,,,,,,,,,,,,d,896.0,-0.1385174418604651,-0.1047406082289803
,,,,,,,,,,,,,,d,897.0,-0.1468135062611807,-0.0999888193202147
,,,,,,,,,,,,,,d,898.0,-0.1481328264758497,-0.1203152951699463
,,,,,,,,,,,,,,d,899.0,-0.1478644901610018,-0.1037231663685152
,,,,,,,,,,,,,,d,900.0,-0.1377012522361359,-0.1262019230769231
,,,,,,,,,,,,,,d,901.0,-0.1526777728085868,-0.0885789355992844
,,,,,,,,,,,,,,d,902.0,-0.1269622093023256,-0.1473389982110912
,,,,,,,,,,,,,,d,903.0,-0.1453320661896243,-0.1101911896243292
,,,,,,,,,,,,,,d,904.0,-0.1410330948121646,-0.1135621645796064
,,,,,,,,,,,,,,d,905.0,-0.16224843470483,-0.0961817978533095
,,,,,,,,,,,,,,d,906.0,-0.1357725849731664,-0.1064959749552773
,,,,,,,,,,,,,,d,907.0,-0.1448457066189624,-0.1339389534883721
,,,,,,,,,,,,,,d,908.0,-0.146875,-0.1036784436493739
,,,,,,,,,,,,,,d,909.0,-0.1428555456171735,-0.1014814400715563
,,,,,,,,,,,,,,d,910.0,-0.1457960644007156,-0.0897584973166368
,,,,,,,,,,,,,,d,911.0,-0.1661449016100179,-0.1177213774597495
,,,,,,,,,,,,,,d,912.0,-0.1625447227191413,-0.081266771019678
,,,,,,,,,,,,,,d,913.0,-0.1418492844364937,-0.1062444096601073
,,,,,,,,,,,,,,d,914.0,-0.1431127012522361,-0.1101017441860465
,,,,,,,,,,,,,,d,915.0,-0.145337656529517,-0.1128186493738819
,,,,,,,,,,,,,,d,916.0,-0.1406026386404293,-0.1171679338103756
,,,,,,,,,,,,,,d,917.0,-0.1476017441860465,-0.0920896690518783
,,,,,,,,,,,,,,d,918.0,-0.1382714669051878,-0.1089221824686941
,,,,,,,,,,,,,,d,919.0,-0.1221209749552773,-0.1174698121645796
,,,,,,,,,,,,,,d,920.0,-0.1352023703041145,-0.1207625223613595
,,,,,,,,,,,,,,d,921.0,-0.1455389087656529,-0.1020069320214669
,,,,,,,,,,,,,,d,922.0,-0.1462768336314848,-0.1198009838998211
,,,,,,,,,,,,,,d,923.0,-0.142262969588551,-0.1121869409660107
,,,,,,,,,,,,,,d,924.0,-0.1487589445438283,-0.0972216010733452
,,,,,,,,,,,,,,d,925.0,-0.128309481216458,-0.1089277728085867
,,,,,,,,,,,,,,d,926.0,-0.1418157423971377,-0.0997037119856887
,,,,,,,,,,,,,,d,927.0,-0.1239154740608229,-0.1360856440071556
,,,,,,,,,,,,,,d,928.0,-0.1511739713774597,-0.10954271019678
,,,,,,,,,,,,,,d,929.0,-0.1359682468694096,-0.1283206618962433
,,,,,,,,,,,,,,d,930.0,-0.1323065742397138,-0.1016603309481216
,,,,,,,,,,,,,,d,931.0,-0.142061717352415,-0.115524373881932
,,,,,,,,,,,,,,d,932.0,-0.1273255813953488,-0.1025659660107334
,,,,,,,,,,,,,,d,933.0,-0.1416592128801431,-0.1065798300536672
,,,,,,,,,,,,,,d,934.0,-0.1353980322003578,-0.1293213327370304
,,,,,,,,,,,,,,d,935.0,-0.1548971377459749,-0.098227862254025
,,,,,,,,,,,,,,d,936.0,-0.1504304561717352,-0.1119800983899821
,,,,,,,,,,,,,,d,937.0,-0.1261963327370304,-0.111063282647585
,,,,,,,,,,,,,,d,938.0,-0.1406138193202147,-0.1098501788908765
,,,,,,,,,,,,,,d,939.0,-0.1423524150268336,-0.1412119856887299
,,,,,,,,,,,,,,d,940.0,-0.146740831842576,-0.1026162790697674
,,,,,,,,,,,,,,d,941.0,-0.1581395348837209,-0.1036449016100179
,,,,,,,,,,,,,,d,942.0,-0.1387186940966011,-0.1168101520572451
,,,,,,,,,,,,,,d,943.0,-0.12820885509839,-0.1337265205724508
,,,,,,,,,,,,,,d,944.0,-0.124899373881932,-0.1207737030411449
,,,,,,,,,,,,,,d,945.0,-0.1464780858676208,-0.0983843917710197
,,,,,,,,,,,,,,d,946.0,-0.1334637745974955,-0.1197338998211091
,,,,,,,,,,,,,,d,947.0,-0.130948121645796,-0.117363595706619
,,,,,,,,,,,,,,d,948.0,-0.1401777728085868,-0.070253801431127
,,,,,,,,,,,,,,d,949.0,-0.1365943649373882,-0.1103309481216458
,,,,,,,,,,,,,,d,950.0,-0.1416592128801431,-0.1053779069767442
,,,,,,,,,,,,,,d,951.0,-0.1444543828264758,-0.1566916368515206
,,,,,,,,,,,,,,d,952.0,-0.1497931574239714,-0.0923468246869409
,,,,,,,,,,,,,,d,953.0,-0.1446388640429338,-0.0916088998211091
,,,,,,,,,,,,,,d,954.0,-0.1331227638640429,-0.126453488372093
,,,,,,,,,,,,,,d,955.0,-0.1483173076923077,-0.1128466010733452
,,,,,,,,,,,,,,d,956.0,-0.1419051878354204,-0.1262522361359571
,,,,,,,,,,,,,,d,957.0,-0.1413349731663685,-0.1269286672629696
,,,,,,,,,,,,,,d,958.0,-0.1474396243291592,-0.1159045169946333
,,,,,,,,,,,,,,d,959.0,-0.14991614490161,-0.1249888193202146
,,,,,,,,,,,,,,d,960.0,-0.1512466457960644,-0.1083743291592128
,,,,,,,,,,,,,,d,961.0,-0.1466122540250447,-0.1127627459749553
,,,,,,,,,,,,,,d,962.0,-0.1406697227191413,-0.1223949016100179
,,,,,,,,,,,,,,d,963.0,-0.1329438729874776,-0.1237645348837209
,,,,,,,,,,,,,,d,964.0,-0.1424083184257603,-0.0905467352415027
,,,,,,,,,,,,,,d,965.0,-0.1503242397137746,-0.1214780858676207
,,,,,,,,,,,,,,d,966.0,-0.1535442754919499,-0.1011124776386404
,,,,,,,,,,,,,,d,967.0,-0.1537511180679785,-0.1014143559928443
,,,,,,,,,,,,,,d,968.0,-0.1447115384615384,-0.1392665474060823
,,,,,,,,,,,,,,d,969.0,-0.1292766100178891,-0.116944320214669
,,,,,,,,,,,,,,d,970.0,-0.1282256261180679,-0.1156529516994633
,,,,,,,,,,,,,,d,971.0,-0.1479707066189624,-0.1054282200357782
,,,,,,,,,,,,,,d,972.0,-0.1518224508050089,-0.082569320214669
,,,,,,,,,,,,,,d,973.0,-0.1209693649373882,-0.1156864937388193
,,,,,,,,,,,,,,d,974.0,-0.145203488372093,-0.1077929338103756
,,,,,,,,,,,,,,d,975.0,-0.142061717352415,-0.120086091234347
,,,,,,,,,,,,,,d,976.0,-0.1627347942754919,-0.0800648479427549
,,,,,,,,,,,,,,d,977.0,-0.1379807692307692,-0.1099508050089445
,,,,,,,,,,,,,,d,978.0,-0.1386068872987478,-0.0993627012522361
,,,,,,,,,,,,,,d,979.0,-0.1391994633273703,-0.1011516100178891
,,,,,,,,,,,,,,d,980.0,-0.1518224508050089,-0.10287343470483
,,,,,,,,,,,,,,d,981.0,-0.1105936940966011,-0.1432300983899821
,,,,,,,,,,,,,,d,982.0,-0.1426822450805009,-0.0878689624329159
,,,,,,,,,,,,,,d,983.0,-0.1549474508050089,-0.091910778175313
,,,,,,,,,,,,,,d,984.0,-0.1562220483005366,-0.1102023703041145
,,,,,,,,,,,,,,d,985.0,-0.1377906976744186,-0.1430400268336315
,,,,,,,,,,,,,,d,986.0,-0.1426934257602862,-0.0951084525939177
,,,,,,,,,,,,,,d,987.0,-0.1470203488372093,-0.0920673076923077
,,,,,,,,,,,,,,d,988.0,-0.1415809481216458,-0.120153175313059
,,,,,,,,,,,,,,d,989.0,-0.1516771019677996,-0.1070046958855098
,,,,,,,,,,,,,,d,990.0,-0.1462153398926655,-0.1067922629695885
,,,,,,,,,,,,,,d,991.0,-0.1447842128801431,-0.1191469141323792
,,,,,,,,,,,,,,d,992.0,-0.1370248211091234,-0.1276945438282647
,,,,,,,,,,,,,,d,993.0,-0.152990831842576,-0.1123211091234347
,,,,,,,,,,,,,,d,994.0,-0.1490887745974955,-0.1053443649373882
,,,,,,,,,,,,,,d,995.0,-0.1438729874776387,-0.1262466457960644
,,,,,,,,,,,,,,d,996.0,-0.1417654293381038,-0.0978868515205724
,,,,,,,,,,,,,,d,997.0,-0.1512634168157424,-0.1165753577817531
,,,,,,,,,,,,,,d,998.0,-0.1217631932021467,-0.1390317531305903
