figure,panel,system,scale_m,estimand,estimate,ci_low,ci_high,phase_null_mean,n_events,n_units,holm_adjusted_p
Supplementary Figure 4,a,Wandering albatross,10,landing post minus pre,0.3092956292644005,0.1950717651861766,0.4434689093939796,3.244431464859865e-05,8556.0,19,0.002999400119976
Supplementary Figure 4,a,Wandering albatross,20,landing post minus pre,0.3080984447084156,0.1911765337020929,0.4447237491794256,0.0001609745331596,6412.0,19,0.002999400119976
Supplementary Figure 4,a,Wandering albatross,30,landing post minus pre,0.3115026577860424,0.1928035709917546,0.4506605370079321,5.853713537729706e-05,5136.0,19,0.002999400119976
Supplementary Figure 4,a,Wandering albatross,40,landing post minus pre,0.3180382104134214,0.1954895026878198,0.4578816643575892,0.0002634685100786,4184.0,19,0.002999400119976
Supplementary Figure 4,a,Wandering albatross,50,landing post minus pre,0.324107186900352,0.2043130911919374,0.4589100882622402,0.000268979418618,3482.0,19,0.002999400119976
Supplementary Figure 4,a,Wandering albatross,75,landing post minus pre,0.2956701942071588,0.1924278187446419,0.4155337692568555,0.0002188144232845,2293.0,19,0.002999400119976
Supplementary Figure 4,a,Wandering albatross,100,landing post minus pre,0.2978686258065701,0.1918453469226279,0.4167389427495316,0.0007165950669072,1602.0,19,0.002999400119976
Supplementary Figure 4,a,Wandering albatross,150,landing post minus pre,0.3070683239036254,0.1960332571893774,0.4306049165642058,-4.831139147119004e-05,968.0,18,0.002999400119976
Supplementary Figure 4,a,Wandering albatross,200,landing post minus pre,0.3372323891864834,0.2201943975267083,0.4627548122769427,-0.0006698433083942,702.0,18,0.002999400119976
Supplementary Figure 4,a,Wandering albatross,300,landing post minus pre,0.3823299949606513,0.2368634391539869,0.5365094170577714,-0.0003504688639325,442.0,18,0.002999400119976
Supplementary Figure 4,a,Wandering albatross,500,landing post minus pre,0.4158079391304441,0.2427706571678507,0.5977133308571849,0.0005337335556058,264.0,18,0.002999400119976
Supplementary Figure 4,a,Wandering albatross,750,landing post minus pre,0.3525969553592838,0.1909273216415411,0.527544802867383,-2.8827193769166918e-05,188.0,18,0.002999400119976
Supplementary Figure 4,a,Wandering albatross,1000,landing post minus pre,0.3217418983403637,0.1529555003819709,0.5097016843628096,-0.000224725257692,139.0,17,0.002999400119976
Supplementary Figure 4,a,Wandering albatross,1500,landing post minus pre,0.306640221878225,0.1276536930561698,0.4992888125644993,0.0005156997272593,106.0,16,0.002999400119976
Supplementary Figure 4,a,Wandering albatross,2000,landing post minus pre,0.313267982017982,0.1346120025807526,0.5028637508325007,-0.0010438771645021,87.0,16,0.002999400119976
Supplementary Figure 4,b,Short-tailed shearwater,500,foraging-dominant footprint,0.3563681926903409,0.2121842046842046,0.5004235150576615,0.0803169052375822,35.0,9,0.012
Supplementary Figure 4,b,Short-tailed shearwater,1000,foraging-dominant footprint,0.3349756538514634,0.1877088254223347,0.4848754036444584,0.0506221574032611,34.0,8,0.015
Supplementary Figure 4,b,Short-tailed shearwater,2000,foraging-dominant footprint,0.293344261175816,0.1157882625187312,0.4713782423538521,0.0449848346511625,32.0,8,0.018
Supplementary Figure 4,b,Short-tailed shearwater,5000,foraging-dominant footprint,0.1989402685181469,-0.0032828025284535,0.3978030687977334,0.046205894113245,18.0,8,0.118
Supplementary Figure 4,b,Short-tailed shearwater,500,foraging-minus-rest slope,0.2610985425601488,-0.0112930116546365,0.558095338176359,0.0010496980846732,74.0,7,0.136
Supplementary Figure 4,b,Short-tailed shearwater,1000,foraging-minus-rest slope,0.2892707178307827,-0.0221190936636099,0.6167078944588381,-0.003439793046861,70.0,7,0.136
Supplementary Figure 4,b,Short-tailed shearwater,2000,foraging-minus-rest slope,0.0978081571588627,-0.2298663974380355,0.3665360537066987,0.0038254285634472,62.0,7,0.626
Supplementary Figure 4,b,Short-tailed shearwater,5000,foraging-minus-rest slope,0.0880412616511522,-0.4929657736607454,0.9599957592530268,-0.0501198254902074,35.0,6,0.626
Supplementary Figure 4,c,Red-footed booby,250,dive-near footprint,0.1703930482855258,0.1139929133602129,0.2276471898750923,0.1392144868519703,470.0,90,0.32
Supplementary Figure 4,c,Red-footed booby,500,dive-near footprint,0.1486002847014049,0.0808304527579273,0.2165855897974818,0.1332623451932836,366.0,86,0.32
Supplementary Figure 4,c,Red-footed booby,1000,dive-near footprint,0.2214608658092157,0.1427550703416382,0.2950669304885346,0.134883645325566,247.0,78,0.042
Supplementary Figure 4,c,Red-footed booby,2000,dive-near footprint,0.2611351089012476,0.1761041179683965,0.3450607879172131,0.1381588711514872,154.0,68,0.02
Supplementary Figure 4,c,Red-footed booby,250,dive minus wet-only,-0.0517845397390534,-0.1246110374582982,0.0192110279376005,0.0029820834254232,,88,1.0
Supplementary Figure 4,c,Red-footed booby,500,dive minus wet-only,-0.078424530210327,-0.1553845593690271,-0.0018746467348565,0.0010985921758859,,82,1.0
Supplementary Figure 4,c,Red-footed booby,1000,dive minus wet-only,0.0189031476820973,-0.0799667446231397,0.1191641910225731,-0.0027221854293597,,72,0.99
Supplementary Figure 4,c,Red-footed booby,2000,dive minus wet-only,0.0979703171278146,-0.020798957997672,0.2205508200864889,0.0025830629159293,,61,0.26
Supplementary Figure 4,d,Red-footed booby,250,post-dive minus pre-dive,0.1033566948464361,-0.0165589507207151,0.2232228698383277,-0.012073271568203,,59,0.308
Supplementary Figure 4,d,Red-footed booby,500,post-dive minus pre-dive,0.0756073717277617,-0.0846855865840663,0.2372323003361003,0.016283835589536,,42,0.792
Supplementary Figure 4,d,Red-footed booby,1000,post-dive minus pre-dive,0.1316178803260559,-0.0330073275106603,0.293428280152168,-0.0030792305833698,,34,0.498
Supplementary Figure 4,d,Red-footed booby,2000,post-dive minus pre-dive,0.109461000073834,-0.1249099279810439,0.3429025701569417,0.0004956325116668,,22,0.792
