scale_m,behavior_class,estimand,component,tail,events,birds,observed_unit_equal,bootstrap_ci_low,bootstrap_ci_high,phase_null_mean,phase_p_one_sided,phase_reps,bootstrap_reps,holm_family,holm_phase_p,coverage_gate,primary_pass
250,dive_near,E_high,E,high,470,90,0.10124225702306718,0.043942272741211395,0.16158873837471166,0.07395902563835688,0.176,999,5000,descriptive,,True,False
250,dive_near,E_low,E,low,470,90,0.05733942336786562,0.013313469348945004,0.10472484197512072,0.05978182389816535,0.539,999,5000,descriptive,,True,False
250,dive_near,E_union,E,union,470,90,0.1585816803909328,0.09862626253726006,0.21759216024607145,0.13374084953652218,0.21,999,5000,descriptive,,True,False
250,dive_near,R_high,R,high,470,90,-0.010128531491402087,-0.02157526438266643,0.0004557474790765184,-0.004388495603805225,0.863,999,5000,descriptive,,True,False
250,dive_near,R_low,R,low,470,90,-0.0016828364031909744,-0.0055141330489280925,0.0018007713948875546,-0.0010851417116429693,0.661,999,5000,descriptive,,True,False
250,dive_near,R_union,R,union,470,90,-0.011811367894593056,-0.023369302575972348,-0.0007686262636194701,-0.005473637315448195,0.887,999,5000,descriptive,,True,False
250,dive_near,L_high,L,high,470,90,0.11137078851446926,0.05622908456085542,0.17065289778051543,0.07834752124216209,0.134,999,5000,secondary_dive_L_sides_8,0.67,True,False
250,dive_near,L_low,L,low,470,90,0.059022259771056566,0.014536812183411204,0.10635203460479417,0.06086696560980832,0.534,999,5000,secondary_dive_L_sides_8,1.0,True,False
250,dive_near,L_union,L,union,470,90,0.1703930482855258,0.11399291336021292,0.22764718987509233,0.13921448685197035,0.16,999,5000,primary_dive_L_union_4_scales,0.32,True,False
250,wet_only_near,E_high,E,high,731,92,0.15655137860201204,0.10369761685043781,0.21305551258959082,0.08027482316340222,0.001,999,5000,descriptive,,True,False
250,wet_only_near,E_low,E,low,731,92,0.06140357808057686,0.030761512690617016,0.09494158779952938,0.05059734520703579,0.239,999,5000,descriptive,,True,False
250,wet_only_near,E_union,E,union,731,92,0.21795495668258894,0.17091582800046357,0.26559324558050035,0.13087216837043797,0.001,999,5000,descriptive,,True,False
250,wet_only_near,R_high,R,high,731,92,0.0023599211428681276,-0.011121963258503478,0.01559884329185298,-0.00021366884221113818,0.287,999,5000,descriptive,,True,False
250,wet_only_near,R_low,R,low,731,92,0.002336396462384137,-0.003892174759308625,0.007956366372290961,0.0005457743806339901,0.234,999,5000,descriptive,,True,False
250,wet_only_near,R_union,R,union,731,92,0.004696317605252265,-0.0066838046392840725,0.014964209513302297,0.0003321055384228509,0.203,999,5000,descriptive,,True,False
250,wet_only_near,L_high,L,high,731,92,0.15419145745914395,0.10523282209224677,0.2069057637350509,0.08048849200561335,0.001,999,5000,descriptive,,True,False
250,wet_only_near,L_low,L,low,731,92,0.059067181618192716,0.02929705004822766,0.0913020224303268,0.05005157082640179,0.281,999,5000,descriptive,,True,False
250,wet_only_near,L_union,L,union,731,92,0.21325863907733666,0.16975239953799282,0.25840989690812627,0.13054006283201514,0.001,999,5000,descriptive,,True,False
250,no_tdr_near,E_high,E,high,713,106,0.15055410274812925,0.10085123496103099,0.20290831070339593,0.07385930841200994,0.001,999,5000,descriptive,,True,False
250,no_tdr_near,E_low,E,low,713,106,0.08901766736464455,0.04842044408026605,0.1316492088338162,0.06714225140600208,0.122,999,5000,descriptive,,True,False
250,no_tdr_near,E_union,E,union,713,106,0.2395717701127737,0.18850578137226595,0.2905290384277713,0.141001559818012,0.001,999,5000,descriptive,,True,False
250,no_tdr_near,R_high,R,high,713,106,0.003425705922799534,-0.008274055422588494,0.01972374160925525,-0.0010677535997085002,0.172,999,5000,descriptive,,True,False
250,no_tdr_near,R_low,R,low,713,106,0.01255082618066393,0.004611329815382606,0.02163828130345453,5.512522437393335e-05,0.001,999,5000,descriptive,,True,False
250,no_tdr_near,R_union,R,union,713,106,0.015976532103463458,0.004720446958883214,0.031572472936772435,-0.0010126283753345677,0.001,999,5000,descriptive,,True,False
250,no_tdr_near,L_high,L,high,713,106,0.14712839682532972,0.10025885809769661,0.19595948812082425,0.07492706201171843,0.003,999,5000,descriptive,,True,False
250,no_tdr_near,L_low,L,low,713,106,0.07646684118398066,0.03793375773537077,0.11811337268354484,0.06708712618162814,0.323,999,5000,descriptive,,True,False
250,no_tdr_near,L_union,L,union,713,106,0.2235952380093102,0.1724205660934981,0.27421410307976424,0.14201418819334655,0.001,999,5000,descriptive,,True,False
500,dive_near,E_high,E,high,366,86,0.04712140828832081,-0.015980330126519914,0.11347844198665465,0.07093622408724598,0.764,999,5000,descriptive,,True,False
500,dive_near,E_low,E,low,366,86,0.09808994663276588,0.04342669293619181,0.1558867685720656,0.059120910124367446,0.072,999,5000,descriptive,,True,False
500,dive_near,E_union,E,union,366,86,0.14521135492108667,0.07758858557044868,0.21271702150014207,0.13005713421161338,0.323,999,5000,descriptive,,True,False
500,dive_near,R_high,R,high,366,86,-0.0023282621003191217,-0.010948928257404587,0.005827659591962186,-0.0019561982619701805,0.537,999,5000,descriptive,,True,False
500,dive_near,R_low,R,low,366,86,-0.0010606676799991583,-0.0055598866769382355,0.003085778630751671,-0.0012490127197000967,0.482,999,5000,descriptive,,True,False
500,dive_near,R_union,R,union,366,86,-0.0033889297803182815,-0.012623011679601018,0.005760831402402516,-0.003205210981670278,0.526,999,5000,descriptive,,True,False
500,dive_near,L_high,L,high,366,86,0.04944967038863991,-0.013482503413051822,0.11414440478459502,0.07289242234921617,0.763,999,5000,secondary_dive_L_sides_8,1.0,True,False
500,dive_near,L_low,L,low,366,86,0.09915061431276503,0.04560051609467185,0.15649261967071318,0.06036992284406754,0.065,999,5000,secondary_dive_L_sides_8,0.39,True,False
500,dive_near,L_union,L,union,366,86,0.14860028470140493,0.08083045275792736,0.21658558979748183,0.13326234519328367,0.313,999,5000,primary_dive_L_union_4_scales,0.32,True,False
500,wet_only_near,E_high,E,high,613,89,0.14938583157017082,0.08997276116620855,0.20890461618662667,0.07046399871496395,0.001,999,5000,descriptive,,True,False
500,wet_only_near,E_low,E,low,613,89,0.08188581010810524,0.04097629739220729,0.1248784026539112,0.05771612767883477,0.087,999,5000,descriptive,,True,False
500,wet_only_near,E_union,E,union,613,89,0.23127164167827619,0.17915057108294608,0.2824415757370745,0.1281801263937987,0.001,999,5000,descriptive,,True,False
500,wet_only_near,R_high,R,high,613,89,0.001108890201729912,-0.01072835244531284,0.011994594613636975,-0.00010811248618286317,0.364,999,5000,descriptive,,True,False
500,wet_only_near,R_low,R,low,613,89,0.003446930787335821,-0.002169044538527304,0.008958245007545775,0.0007310583386101428,0.153,999,5000,descriptive,,True,False
500,wet_only_near,R_union,R,union,613,89,0.004555820989065731,-0.00528279595520076,0.013671636306068715,0.0006229458524272781,0.114,999,5000,descriptive,,True,False
500,wet_only_near,L_high,L,high,613,89,0.14827694136844097,0.0918781374338288,0.20544336515191045,0.07057211120114681,0.001,999,5000,descriptive,,True,False
500,wet_only_near,L_low,L,low,613,89,0.07843887932076943,0.03914444643587553,0.11954851546847174,0.05698506934022463,0.124,999,5000,descriptive,,True,False
500,wet_only_near,L_union,L,union,613,89,0.22671582068921023,0.17458549283108182,0.2795640290327153,0.1275571805413714,0.001,999,5000,descriptive,,True,False
500,no_tdr_near,E_high,E,high,573,100,0.13422473587386458,0.07942918305267176,0.19157679235728664,0.07295914261955895,0.016,999,5000,descriptive,,True,False
500,no_tdr_near,E_low,E,low,573,100,0.10729311808382201,0.056882324441467756,0.16043265471556634,0.06358827140706302,0.026,999,5000,descriptive,,True,False
500,no_tdr_near,E_union,E,union,573,100,0.2415178539576866,0.18946637029093552,0.2932243321142042,0.136547414026622,0.002,999,5000,descriptive,,True,False
500,no_tdr_near,R_high,R,high,573,100,-0.0016701971469893105,-0.013476132679160365,0.010529403928648042,8.374325859171323e-05,0.649,999,5000,descriptive,,True,False
500,no_tdr_near,R_low,R,low,573,100,0.012256272803653491,0.0024934671649869955,0.023112523909939824,0.0003639061949495584,0.001,999,5000,descriptive,,True,False
500,no_tdr_near,R_union,R,union,573,100,0.010586075656664178,-0.0006667256595263316,0.02229907469733373,0.0004476494535412708,0.015,999,5000,descriptive,,True,False
500,no_tdr_near,L_high,L,high,573,100,0.13589493302085393,0.08285803371182819,0.19112995961562126,0.07287539936096725,0.012,999,5000,descriptive,,True,False
500,no_tdr_near,L_low,L,low,573,100,0.09503684528016859,0.047471168824689325,0.14550536357484503,0.06322436521211347,0.066,999,5000,descriptive,,True,False
500,no_tdr_near,L_union,L,union,573,100,0.2309317783010225,0.17903726370739106,0.28481880890370437,0.13609976457308073,0.002,999,5000,descriptive,,True,False
1000,dive_near,E_high,E,high,247,78,0.06761987446164448,-0.009418352585392243,0.14725132470633506,0.07274976681347911,0.542,999,5000,descriptive,,True,False
1000,dive_near,E_low,E,low,247,78,0.14859849373157824,0.0812174026309033,0.21804473695982962,0.05895794515489757,0.003,999,5000,descriptive,,True,False
1000,dive_near,E_union,E,union,247,78,0.21621836819322277,0.13815806764701788,0.2910170925398711,0.13170771196837666,0.017,999,5000,descriptive,,True,False
1000,dive_near,R_high,R,high,247,78,-0.0064380794140447796,-0.019708488863562627,0.00416799348689657,-0.0021697676101428702,0.785,999,5000,descriptive,,True,False
1000,dive_near,R_low,R,low,247,78,0.0011955817980518109,-0.006323398136357697,0.007441174685593683,-0.001006165747046499,0.248,999,5000,descriptive,,True,False
1000,dive_near,R_union,R,union,247,78,-0.005242497615992971,-0.01872571546713177,0.005823517231943569,-0.0031759333571893702,0.633,999,5000,descriptive,,True,False
1000,dive_near,L_high,L,high,247,78,0.07405795387568927,-0.001096668124228502,0.15182883094124577,0.07491953442362197,0.501,999,5000,secondary_dive_L_sides_8,1.0,True,False
1000,dive_near,L_low,L,low,247,78,0.14740291193352636,0.08166957063172224,0.2146986021715299,0.05996411090194409,0.003,999,5000,secondary_dive_L_sides_8,0.021,True,False
1000,dive_near,L_union,L,union,247,78,0.2214608658092157,0.1427550703416382,0.29506693048853466,0.13488364532556604,0.014,999,5000,primary_dive_L_union_4_scales,0.042,True,True
1000,wet_only_near,E_high,E,high,455,82,0.13391551686748315,0.07320824795696279,0.1984428685461412,0.06829210000402372,0.012,999,5000,descriptive,,True,False
1000,wet_only_near,E_low,E,low,455,82,0.08392133186752493,0.04233416452942169,0.1281902243896553,0.06093787336535666,0.135,999,5000,descriptive,,True,False
1000,wet_only_near,E_union,E,union,455,82,0.21783684873500814,0.16156707178628038,0.2741192742685869,0.12922997336938036,0.001,999,5000,descriptive,,True,False
1000,wet_only_near,R_high,R,high,455,82,0.009220981993628854,0.0026304407457366417,0.01576429780199824,-7.243220539142978e-05,0.032,999,5000,descriptive,,True,False
1000,wet_only_near,R_low,R,low,455,82,0.009573315476930222,0.004018573982741924,0.015819202937731154,0.0008112970659119123,0.001,999,5000,descriptive,,True,False
1000,wet_only_near,R_union,R,union,455,82,0.01879429747055907,0.01043067447966262,0.027767139029001797,0.0007388648605204798,0.001,999,5000,descriptive,,True,False
1000,wet_only_near,L_high,L,high,455,82,0.12469453487385433,0.06589967865579117,0.18788439465683235,0.06836453220941514,0.019,999,5000,descriptive,,True,False
1000,wet_only_near,L_low,L,low,455,82,0.07434801639059473,0.034020490568792264,0.11880811639759743,0.06012657629944475,0.248,999,5000,descriptive,,True,False
1000,wet_only_near,L_union,L,union,455,82,0.19904255126444903,0.1428862728146093,0.25594506980371756,0.12849110850885986,0.007,999,5000,descriptive,,True,False
1000,no_tdr_near,E_high,E,high,417,93,0.17580874067865712,0.1116063433427016,0.2400597803865869,0.07827641585173499,0.003,999,5000,descriptive,,True,False
1000,no_tdr_near,E_low,E,low,417,93,0.10361866155133417,0.05123858722300541,0.15881663451408914,0.070881493421513,0.097,999,5000,descriptive,,True,False
1000,no_tdr_near,E_union,E,union,417,93,0.2794274022299913,0.2221613280457348,0.334614140250833,0.14915790927324798,0.001,999,5000,descriptive,,True,False
1000,no_tdr_near,R_high,R,high,417,93,-0.00441746632008594,-0.015994503442862844,0.0060349899348252295,-0.0002940206664556238,0.811,999,5000,descriptive,,True,False
1000,no_tdr_near,R_low,R,low,417,93,0.01658866068430979,0.005459936035061253,0.028958295480638125,0.001383002609907144,0.001,999,5000,descriptive,,True,False
1000,no_tdr_near,R_union,R,union,417,93,0.012171194364223852,0.0003451135768630151,0.02495286419341781,0.00108898194345152,0.01,999,5000,descriptive,,True,False
1000,no_tdr_near,L_high,L,high,417,93,0.1802262069987431,0.11650314378006837,0.24302914725921826,0.07857043651819062,0.002,999,5000,descriptive,,True,False
1000,no_tdr_near,L_low,L,low,417,93,0.08703000086702442,0.037744678903503755,0.13926591266587318,0.06949849081160586,0.234,999,5000,descriptive,,True,False
1000,no_tdr_near,L_union,L,union,417,93,0.2672562078657674,0.20872863522901497,0.3226022421240771,0.14806892732979648,0.001,999,5000,descriptive,,True,False
2000,dive_near,E_high,E,high,154,68,0.06408711143734164,-0.026054403409598977,0.15817043378040926,0.06782515604274099,0.525,999,5000,descriptive,,True,False
2000,dive_near,E_low,E,low,154,68,0.19350660114637586,0.1095874720017147,0.27992439536752123,0.07068749544892769,0.001,999,5000,descriptive,,True,False
2000,dive_near,E_union,E,union,154,68,0.2575937125837175,0.167525854435794,0.3455507155207768,0.13851265149166866,0.006,999,5000,descriptive,,True,False
2000,dive_near,R_high,R,high,154,68,-0.01074001217512209,-0.02587190777841499,0.002033881063964289,-0.001467693985604964,0.919,999,5000,descriptive,,True,False
2000,dive_near,R_low,R,low,154,68,0.007198615857591876,-0.0015584361727149778,0.014059727508037847,0.0018214743257863742,0.053,999,5000,descriptive,,True,False
2000,dive_near,R_union,R,union,154,68,-0.0035413963175302174,-0.019058476001971518,0.009839492974985863,0.000353780340181409,0.699,999,5000,descriptive,,True,False
2000,dive_near,L_high,L,high,154,68,0.07482712361246373,-0.012084709660742824,0.16565992469680937,0.06929285002834595,0.442,999,5000,secondary_dive_L_sides_8,1.0,True,False
2000,dive_near,L_low,L,low,154,68,0.18630798528878398,0.10305317077818762,0.2727142459602431,0.06886602112314129,0.001,999,5000,secondary_dive_L_sides_8,0.008,True,False
2000,dive_near,L_union,L,union,154,68,0.26113510890124764,0.1761041179683965,0.3450607879172131,0.13815887115148723,0.005,999,5000,primary_dive_L_union_4_scales,0.02,True,True
2000,wet_only_near,E_high,E,high,258,79,0.09981675537719308,0.029546742687263004,0.1745398118854672,0.0656579398917497,0.171,999,5000,descriptive,,True,False
2000,wet_only_near,E_low,E,low,258,79,0.08217113394971094,0.022928799515982905,0.1457894378338421,0.0649388152082127,0.28,999,5000,descriptive,,True,False
2000,wet_only_near,E_union,E,union,258,79,0.181987889326904,0.10599467815373943,0.2606918479702116,0.1305967550999624,0.099,999,5000,descriptive,,True,False
2000,wet_only_near,R_high,R,high,258,79,0.01026005420294043,0.0014652613230045019,0.019491673794938675,0.0012242086455945623,0.061,999,5000,descriptive,,True,False
2000,wet_only_near,R_low,R,low,258,79,0.013452679148495253,0.005370858204489416,0.022555754476385463,0.001423582948240664,0.001,999,5000,descriptive,,True,False
2000,wet_only_near,R_union,R,union,258,79,0.023712733351435675,0.013086694269696887,0.03581814791711233,0.002647791593835225,0.001,999,5000,descriptive,,True,False
2000,wet_only_near,L_high,L,high,258,79,0.08955670117425268,0.019230061370002213,0.16403924128772235,0.06443373124615515,0.248,999,5000,descriptive,,True,False
2000,wet_only_near,L_low,L,low,258,79,0.0687184548012157,0.01001242034903513,0.13161469513268625,0.06351523225997205,0.434,999,5000,descriptive,,True,False
2000,wet_only_near,L_union,L,union,258,79,0.15827515597546832,0.08240942405156153,0.23622180872652282,0.12794896350612717,0.229,999,5000,descriptive,,True,False
2000,no_tdr_near,E_high,E,high,276,81,0.18767061200888208,0.11346686253503266,0.26122538797030087,0.06602007086166212,0.001,999,5000,descriptive,,True,False
2000,no_tdr_near,E_low,E,low,276,81,0.10753993909481446,0.04303174775892675,0.17560021454736932,0.078529180485499,0.177,999,5000,descriptive,,True,False
2000,no_tdr_near,E_union,E,union,276,81,0.29521055110369654,0.23021328417311354,0.359228488549107,0.1445492513471611,0.001,999,5000,descriptive,,True,False
2000,no_tdr_near,R_high,R,high,276,81,-0.0008331960414887474,-0.014302166359562623,0.012551846401439084,0.0014950936982639806,0.669,999,5000,descriptive,,True,False
2000,no_tdr_near,R_low,R,low,276,81,0.021953244207935402,0.008338149779340713,0.03730648664191889,0.0021910551614802666,0.001,999,5000,descriptive,,True,False
2000,no_tdr_near,R_union,R,union,276,81,0.021120048166446644,0.005392681980610143,0.03786745316785238,0.003686148859744246,0.001,999,5000,descriptive,,True,False
2000,no_tdr_near,L_high,L,high,276,81,0.18850380805037084,0.1139401782425968,0.2638078832733427,0.06452497716339813,0.001,999,5000,descriptive,,True,False
2000,no_tdr_near,L_low,L,low,276,81,0.08558669488687909,0.024037773696082416,0.15089329201523372,0.07633812532401876,0.384,999,5000,descriptive,,True,False
2000,no_tdr_near,L_union,L,union,276,81,0.2740905029372499,0.209582160297593,0.33832622240058846,0.1408631024874169,0.001,999,5000,descriptive,,True,False
