scale_m,contrast,left,right,estimand,component,tail,paired_birds,observed_unit_equal,bootstrap_ci_low,bootstrap_ci_high,phase_null_mean,phase_p_one_sided,phase_reps,bootstrap_reps,holm_family,holm_phase_p,coverage_gate,primary_pass
250,dive_minus_wet,dive_near,wet_only_near,E_high,E,high,88,-0.06012881576387674,-0.14317493461340194,0.0223811373375109,-0.006204170868293535,0.916,999,5000,secondary_dive_minus_wet_E_R_all_24,1.0,True,False
250,dive_minus_wet,dive_near,wet_only_near,E_low,E,low,88,-0.00803473130716409,-0.06575801201553776,0.05294888190684479,0.0051104579007518166,0.671,999,5000,secondary_dive_minus_wet_E_R_all_24,1.0,True,False
250,dive_minus_wet,dive_near,wet_only_near,E_union,E,union,88,-0.06816354707104083,-0.1421624663091904,0.006296031703321239,-0.0010937129675417196,0.957,999,5000,secondary_dive_minus_wet_E_R_all_24,1.0,True,False
250,dive_minus_wet,dive_near,wet_only_near,R_high,R,high,88,-0.01051728680353085,-0.02275432126358515,0.0008320023952765635,-0.003102632124056079,0.876,999,5000,secondary_dive_minus_wet_E_R_all_24,1.0,True,False
250,dive_minus_wet,dive_near,wet_only_near,R_low,R,low,88,-0.0058617205284566395,-0.011322459737968431,-0.0007453653806077859,-0.0009731642689089352,0.988,999,5000,secondary_dive_minus_wet_E_R_all_24,1.0,True,False
250,dive_minus_wet,dive_near,wet_only_near,R_union,R,union,88,-0.01637900733198749,-0.03019645664391549,-0.0034678167943992264,-0.0040757963929650125,0.967,999,5000,secondary_dive_minus_wet_E_R_all_24,1.0,True,False
250,dive_minus_wet,dive_near,wet_only_near,L_high,L,high,88,-0.04961152896034589,-0.13012432309617183,0.031191037679819622,-0.003101538744237456,0.884,999,5000,secondary_dive_minus_wet_L_sides_8,1.0,True,False
250,dive_minus_wet,dive_near,wet_only_near,L_low,L,low,88,-0.002173010778707454,-0.058692459155928974,0.058071957709287976,0.006083622169660754,0.613,999,5000,secondary_dive_minus_wet_L_sides_8,1.0,True,False
250,dive_minus_wet,dive_near,wet_only_near,L_union,L,union,88,-0.0517845397390534,-0.12461103745829823,0.019211027937600576,0.0029820834254232925,0.928,999,5000,primary_dive_minus_wet_L_union_4_scales,1.0,True,False
250,dive_minus_no_tdr,dive_near,no_tdr_near,E_high,E,high,88,-0.06988353031092363,-0.1514862301014401,0.015412900406642045,-0.006989709347256011,0.93,999,5000,descriptive,,True,False
250,dive_minus_no_tdr,dive_near,no_tdr_near,E_low,E,low,88,0.0008500503306574148,-0.05980780544371701,0.06033834068522675,-0.011272152646832997,0.358,999,5000,descriptive,,True,False
250,dive_minus_no_tdr,dive_near,no_tdr_near,E_union,E,union,88,-0.06903347998026625,-0.1585505973212128,0.01992465733792557,-0.01826186199408902,0.882,999,5000,descriptive,,True,False
250,dive_minus_no_tdr,dive_near,no_tdr_near,R_high,R,high,88,-0.01759536897972727,-0.03634362325676345,-0.0018749891038291073,-0.003694975998338437,0.982,999,5000,descriptive,,True,False
250,dive_minus_no_tdr,dive_near,no_tdr_near,R_low,R,low,88,-0.009825643873757133,-0.016851314706071072,-0.003371414988787095,-0.0011599625280261914,0.986,999,5000,descriptive,,True,False
250,dive_minus_no_tdr,dive_near,no_tdr_near,R_union,R,union,88,-0.027421012853484437,-0.04607884800766387,-0.01103512823689675,-0.004854938526364629,1.0,999,5000,descriptive,,True,False
250,dive_minus_no_tdr,dive_near,no_tdr_near,L_high,L,high,88,-0.05228816133119638,-0.13197578789604297,0.031502137795453244,-0.003294733348917571,0.872,999,5000,secondary_dive_minus_no_tdr_L_all_12,1.0,True,False
250,dive_minus_no_tdr,dive_near,no_tdr_near,L_low,L,low,88,0.010675694204414565,-0.04877924086811431,0.06921780733594689,-0.010112190118806806,0.273,999,5000,secondary_dive_minus_no_tdr_L_all_12,1.0,True,False
250,dive_minus_no_tdr,dive_near,no_tdr_near,L_union,L,union,88,-0.04161246712678182,-0.1272331365753879,0.04260981959371048,-0.013406923467724383,0.755,999,5000,secondary_dive_minus_no_tdr_L_all_12,1.0,True,False
500,dive_minus_wet,dive_near,wet_only_near,E_high,E,high,82,-0.11983530311642161,-0.20370213522531563,-0.03632730330436891,-0.0008099772532458051,0.998,999,5000,secondary_dive_minus_wet_E_R_all_24,1.0,True,False
500,dive_minus_wet,dive_near,wet_only_near,E_low,E,low,82,0.03495041155587723,-0.03439964163282338,0.10646952447333446,1.972946457713316e-05,0.143,999,5000,secondary_dive_minus_wet_E_R_all_24,1.0,True,False
500,dive_minus_wet,dive_near,wet_only_near,E_union,E,union,82,-0.08488489156054438,-0.16140563087340162,-0.00820455967028065,-0.0007902477886686693,0.97,999,5000,secondary_dive_minus_wet_E_R_all_24,1.0,True,False
500,dive_minus_wet,dive_near,wet_only_near,R_high,R,high,82,-0.002662184761692541,-0.012820907824351645,0.007281633555736667,-0.0007749321954377417,0.65,999,5000,secondary_dive_minus_wet_E_R_all_24,1.0,True,False
500,dive_minus_wet,dive_near,wet_only_near,R_low,R,low,82,-0.0037981765885248217,-0.011324986606695323,0.0031760291350772045,-0.0011139077691169263,0.829,999,5000,secondary_dive_minus_wet_E_R_all_24,1.0,True,False
500,dive_minus_wet,dive_near,wet_only_near,R_union,R,union,82,-0.006460361350217366,-0.017720301263463138,0.004779164409871084,-0.0018888399645546688,0.807,999,5000,secondary_dive_minus_wet_E_R_all_24,1.0,True,False
500,dive_minus_wet,dive_near,wet_only_near,L_high,L,high,82,-0.1171731183547291,-0.19950990958789727,-0.033901143630351634,-3.504505780806223e-05,0.997,999,5000,secondary_dive_minus_wet_L_sides_8,1.0,True,False
500,dive_minus_wet,dive_near,wet_only_near,L_low,L,low,82,0.03874858814440205,-0.029115406270399494,0.11010083542112753,0.0011336372336940598,0.128,999,5000,secondary_dive_minus_wet_L_sides_8,0.768,True,False
500,dive_minus_wet,dive_near,wet_only_near,L_union,L,union,82,-0.07842453021032703,-0.1553845593690271,-0.0018746467348565148,0.0010985921758859974,0.964,999,5000,primary_dive_minus_wet_L_union_4_scales,1.0,True,False
500,dive_minus_no_tdr,dive_near,no_tdr_near,E_high,E,high,78,-0.07919970466187937,-0.171656790329669,0.01773267310493805,-0.005732514925726106,0.951,999,5000,descriptive,,True,False
500,dive_minus_no_tdr,dive_near,no_tdr_near,E_low,E,low,78,0.025610980057916698,-0.04792660791014089,0.09989553433705975,-0.013368846486398384,0.153,999,5000,descriptive,,True,False
500,dive_minus_no_tdr,dive_near,no_tdr_near,E_union,E,union,78,-0.05358872460396259,-0.14384736549464908,0.035984110592685074,-0.019101361412124485,0.775,999,5000,descriptive,,True,False
500,dive_minus_no_tdr,dive_near,no_tdr_near,R_high,R,high,78,-0.008004515725171123,-0.02088442442545662,0.0049218632669931536,-0.002208214702529454,0.831,999,5000,descriptive,,True,False
500,dive_minus_no_tdr,dive_near,no_tdr_near,R_low,R,low,78,-0.006104609892133271,-0.016520029962289497,0.0043038726971897515,-0.00149631890899441,0.884,999,5000,descriptive,,True,False
500,dive_minus_no_tdr,dive_near,no_tdr_near,R_union,R,union,78,-0.014109125617304394,-0.02850112767110038,0.0005493883267015315,-0.003704533611523865,0.959,999,5000,descriptive,,True,False
500,dive_minus_no_tdr,dive_near,no_tdr_near,L_high,L,high,78,-0.07119518893670819,-0.16572859811977098,0.02708182950079101,-0.0035243002231966493,0.937,999,5000,secondary_dive_minus_no_tdr_L_all_12,1.0,True,False
500,dive_minus_no_tdr,dive_near,no_tdr_near,L_low,L,low,78,0.03171558995004997,-0.041516655073361844,0.10481185989459386,-0.011872527577403974,0.13,999,5000,secondary_dive_minus_no_tdr_L_all_12,1.0,True,False
500,dive_minus_no_tdr,dive_near,no_tdr_near,L_union,L,union,78,-0.039479598986658204,-0.12773609066118494,0.04849448609182629,-0.015396827800600624,0.697,999,5000,secondary_dive_minus_no_tdr_L_all_12,1.0,True,False
1000,dive_minus_wet,dive_near,wet_only_near,E_high,E,high,72,-0.049965162166004454,-0.15281415912667873,0.05904567996767739,0.0019518548666837133,0.858,999,5000,secondary_dive_minus_wet_E_R_all_24,1.0,True,False
1000,dive_minus_wet,dive_near,wet_only_near,E_low,E,low,72,0.046865930455684615,-0.037308831728674136,0.13410013099874482,-0.009176255463595288,0.057,999,5000,secondary_dive_minus_wet_E_R_all_24,1.0,True,False
1000,dive_minus_wet,dive_near,wet_only_near,E_union,E,union,72,-0.0030992317103197917,-0.1051472774621205,0.09888444265306238,-0.00722440059691157,0.463,999,5000,secondary_dive_minus_wet_E_R_all_24,1.0,True,False
1000,dive_minus_wet,dive_near,wet_only_near,R_high,R,high,72,-0.013145774548400765,-0.026408897741435892,-0.0010086383009566809,-0.002415640542922634,0.938,999,5000,secondary_dive_minus_wet_E_R_all_24,1.0,True,False
1000,dive_minus_wet,dive_near,wet_only_near,R_low,R,low,72,-0.008856604844016347,-0.019465522988822422,0.00032110595126043123,-0.002086574624629165,0.954,999,5000,secondary_dive_minus_wet_E_R_all_24,1.0,True,False
1000,dive_minus_wet,dive_near,wet_only_near,R_union,R,union,72,-0.022002379392417105,-0.03675894584328454,-0.008710312706516017,-0.0045022151675517975,0.993,999,5000,secondary_dive_minus_wet_E_R_all_24,1.0,True,False
1000,dive_minus_wet,dive_near,wet_only_near,L_high,L,high,72,-0.03681938761760368,-0.13742396461202555,0.06859126474027086,0.00436749540960635,0.808,999,5000,secondary_dive_minus_wet_L_sides_8,1.0,True,False
1000,dive_minus_wet,dive_near,wet_only_near,L_low,L,low,72,0.05572253529970096,-0.026926517840648492,0.14132275585545775,-0.007089680838966122,0.048,999,5000,secondary_dive_minus_wet_L_sides_8,0.336,True,False
1000,dive_minus_wet,dive_near,wet_only_near,L_union,L,union,72,0.018903147682097315,-0.07996674462313973,0.11916419102257317,-0.0027221854293597706,0.33,999,5000,primary_dive_minus_wet_L_union_4_scales,0.99,True,False
1000,dive_minus_no_tdr,dive_near,no_tdr_near,E_high,E,high,68,-0.1394635592390894,-0.25733230561238524,-0.015229220920836912,-0.003361649919120818,0.992,999,5000,descriptive,,True,False
1000,dive_minus_no_tdr,dive_near,no_tdr_near,E_low,E,low,68,0.05871202163062852,-0.04081916594355437,0.1613995421579764,-0.01299972435857356,0.05,999,5000,descriptive,,True,False
1000,dive_minus_no_tdr,dive_near,no_tdr_near,E_union,E,union,68,-0.08075153760846088,-0.1802457694409862,0.02212690901392876,-0.016361374277694386,0.882,999,5000,descriptive,,True,False
1000,dive_minus_no_tdr,dive_near,no_tdr_near,R_high,R,high,68,-0.009733110168868206,-0.027683403539241636,0.00746888566408395,-0.002315780070540746,0.814,999,5000,descriptive,,True,False
1000,dive_minus_no_tdr,dive_near,no_tdr_near,R_low,R,low,68,-0.012787972084287712,-0.025418300774336218,-0.001708147089378516,-0.002499426270206517,0.982,999,5000,descriptive,,True,False
1000,dive_minus_no_tdr,dive_near,no_tdr_near,R_union,R,union,68,-0.022521082253155914,-0.0439049169222009,-0.0035395126625964684,-0.0048152063407472636,0.983,999,5000,descriptive,,True,False
1000,dive_minus_no_tdr,dive_near,no_tdr_near,L_high,L,high,68,-0.12973044907022116,-0.2486832538711469,-0.004869308316116451,-0.0010458698485800784,0.99,999,5000,secondary_dive_minus_no_tdr_L_all_12,1.0,True,False
1000,dive_minus_no_tdr,dive_near,no_tdr_near,L_low,L,low,68,0.07149999371491622,-0.02329055261946827,0.17005836496219098,-0.010500298088367043,0.029,999,5000,secondary_dive_minus_no_tdr_L_all_12,0.319,True,False
1000,dive_minus_no_tdr,dive_near,no_tdr_near,L_union,L,union,68,-0.05823045535530496,-0.15663493370452275,0.041219805650567,-0.011546167936947118,0.796,999,5000,secondary_dive_minus_no_tdr_L_all_12,1.0,True,False
2000,dive_minus_wet,dive_near,wet_only_near,E_high,E,high,61,-0.01774706464552242,-0.13931882131281295,0.10489850915943663,-0.0004877943734041193,0.603,999,5000,secondary_dive_minus_wet_E_R_all_24,1.0,True,False
2000,dive_minus_wet,dive_near,wet_only_near,E_low,E,low,61,0.08809686345940702,-0.017706032287994326,0.19129107429858963,-0.0012445340486917852,0.049,999,5000,secondary_dive_minus_wet_E_R_all_24,1.0,True,False
2000,dive_minus_wet,dive_near,wet_only_near,E_union,E,union,61,0.07034979881388456,-0.049973413768863835,0.19586137997566289,-0.0017323284220959166,0.121,999,5000,secondary_dive_minus_wet_E_R_all_24,1.0,True,False
2000,dive_minus_wet,dive_near,wet_only_near,R_high,R,high,61,-0.024679773303117353,-0.04291355930191095,-0.008659338143773666,-0.0031720974888148745,0.991,999,5000,secondary_dive_minus_wet_E_R_all_24,1.0,True,False
2000,dive_minus_wet,dive_near,wet_only_near,R_low,R,low,61,-0.002940745010812717,-0.015723185840675998,0.00830963760935534,-0.0011432938492104332,0.616,999,5000,secondary_dive_minus_wet_E_R_all_24,1.0,True,False
2000,dive_minus_wet,dive_near,wet_only_near,R_union,R,union,61,-0.02762051831393006,-0.04813975751209171,-0.009701937828423312,-0.0043153913380253065,0.991,999,5000,secondary_dive_minus_wet_E_R_all_24,1.0,True,False
2000,dive_minus_wet,dive_near,wet_only_near,L_high,L,high,61,0.0069327086575949335,-0.11420141381733696,0.12932137540953803,0.0026843031154107455,0.482,999,5000,secondary_dive_minus_wet_L_sides_8,1.0,True,False
2000,dive_minus_wet,dive_near,wet_only_near,L_low,L,low,61,0.09103760847021972,-0.01271477444676801,0.1937398345528597,-0.00010124019948135258,0.042,999,5000,secondary_dive_minus_wet_L_sides_8,0.336,True,False
2000,dive_minus_wet,dive_near,wet_only_near,L_union,L,union,61,0.09797031712781462,-0.020798957997672063,0.22055082008648894,0.002583062915929392,0.065,999,5000,primary_dive_minus_wet_L_union_4_scales,0.26,True,False
2000,dive_minus_no_tdr,dive_near,no_tdr_near,E_high,E,high,54,-0.1823987284616011,-0.32577357114329963,-0.03267610876837398,0.000903052578683933,0.997,999,5000,descriptive,,True,False
2000,dive_minus_no_tdr,dive_near,no_tdr_near,E_low,E,low,54,0.14708091620053068,0.014083006185885715,0.27915479834902257,-0.006309847001420825,0.004,999,5000,descriptive,,True,False
2000,dive_minus_no_tdr,dive_near,no_tdr_near,E_union,E,union,54,-0.03531781226107039,-0.16487592197908812,0.09268947813119637,-0.00540679442273689,0.686,999,5000,descriptive,,True,False
2000,dive_minus_no_tdr,dive_near,no_tdr_near,R_high,R,high,54,-0.01807221705869244,-0.0422529136843757,0.0057108988748792704,-0.0033334741625536115,0.922,999,5000,descriptive,,True,False
2000,dive_minus_no_tdr,dive_near,no_tdr_near,R_low,R,low,54,-0.008241557065551611,-0.02241971456931007,0.004762592548523335,-0.0007582914976827461,0.872,999,5000,descriptive,,True,False
2000,dive_minus_no_tdr,dive_near,no_tdr_near,R_union,R,union,54,-0.02631377412424405,-0.05118060456981126,-0.0024528048888656246,-0.004091765660236357,0.984,999,5000,descriptive,,True,False
2000,dive_minus_no_tdr,dive_near,no_tdr_near,L_high,L,high,54,-0.1643265114029085,-0.3050668598069668,-0.014459709264665953,0.004236526741237542,0.996,999,5000,secondary_dive_minus_no_tdr_L_all_12,1.0,True,False
2000,dive_minus_no_tdr,dive_near,no_tdr_near,L_low,L,low,54,0.1553224732660823,0.024817475348974397,0.285324711805445,-0.005551555503738073,0.003,999,5000,secondary_dive_minus_no_tdr_L_all_12,0.036000000000000004,True,False
2000,dive_minus_no_tdr,dive_near,no_tdr_near,L_union,L,union,54,-0.009004038136826339,-0.13306676348229854,0.11347264621654161,-0.0013150287625005414,0.545,999,5000,secondary_dive_minus_no_tdr_L_all_12,1.0,True,False
