dataset,scale_m,family,estimand,events,units,segments,observed_unit_equal,bootstrap_ci_low,bootstrap_ci_high,phase_null_mean,phase_p_one_sided,phase_reps,bootstrap_reps,rho_tau_distinct_cell_fraction,holm_phase_p,positive_support,panel,delta_m,bin_low_s,bin_high_s,birds,pre_bird_equal,post_bird_equal,post_minus_pre,ci_low,ci_high,behavior_group,individuals,individual_equal_mean,phase_p_raw,holm_family,phase_p_holm
goto,100.0,A,L_union,11592,149.0,211.0,0.2329878815717383,0.2178891507280004,0.2494015933450547,0.1871743885126945,0.001,999.0,5000.0,,0.006,True,a,,,,,,,,,,,,,,,
rfbo,250.0,A,L_union,1914,109.0,157.0,0.1988305498372967,0.1681871617824299,0.2292191857089581,0.1302045806379931,0.001,999.0,5000.0,,0.024,True,a,,,,,,,,,,,,,,,
rfbo,500.0,A,L_union,1552,109.0,151.0,0.209208577005189,0.1733835164829788,0.2442112621972407,0.1186684656277501,0.001,999.0,5000.0,,0.024,True,a,,,,,,,,,,,,,,,
rfbo,1000.0,A,L_union,1119,105.0,143.0,0.2224739208774313,0.1825158979597375,0.2611160848697434,0.1285921591101649,0.001,999.0,5000.0,,0.024,True,a,,,,,,,,,,,,,,,
rfbo,2000.0,A,L_union,688,103.0,133.0,0.2200009237166687,0.170117215374532,0.2680587622132255,0.1253047579717329,0.001,999.0,5000.0,,0.024,True,a,,,,,,,,,,,,,,,
usgs_laysan_albatross,500.0,A,E_high,4242,34.0,1698.0,0.0833661254448031,0.0684975098094192,0.0981455243476353,0.0440601751470922,0.001,999.0,20000.0,,,False,b,,,,,,,,,,,,,,,
usgs_laysan_albatross,500.0,A,E_low,4242,34.0,1698.0,0.0585906967906954,0.0449206553896964,0.0713377937168339,0.0360734232769518,0.001,999.0,20000.0,,,False,b,,,,,,,,,,,,,,,
usgs_laysan_albatross,500.0,A,E_union,4242,34.0,1698.0,0.1419568222354985,0.1234466778681488,0.1602439465884938,0.080133598424044,0.001,999.0,20000.0,,,False,b,,,,,,,,,,,,,,,
usgs_laysan_albatross,500.0,A,R_high,4242,34.0,1698.0,-0.0031682153549138,-0.0084422255718624,0.00196299533866,-0.0005749656829198,0.857,999.0,20000.0,,1.0,False,b,,,,,,,,,,,,,,,
usgs_laysan_albatross,500.0,A,R_low,4242,34.0,1698.0,-0.0003768205966289,-0.0032283736263028,0.0024303972032463,-0.0004806209720816,0.474,999.0,20000.0,,1.0,False,b,,,,,,,,,,,,,,,
usgs_laysan_albatross,500.0,A,R_union,4242,34.0,1698.0,-0.0035450359515427,-0.0100471268915575,0.002746811024265,-0.0010555866550014,0.833,999.0,20000.0,,1.0,False,b,,,,,,,,,,,,,,,
usgs_laysan_albatross,500.0,A,L_high,4242,34.0,1698.0,0.0865343407997169,0.0717293717595901,0.1013206359910499,0.044635140830012,0.001,999.0,20000.0,,0.018,True,b,,,,,,,,,,,,,,,
usgs_laysan_albatross,500.0,A,L_low,4242,34.0,1698.0,0.0589675173873243,0.04555446098954,0.0718592355756323,0.0365540442490334,0.001,999.0,20000.0,,0.018,True,b,,,,,,,,,,,,,,,
usgs_laysan_albatross,500.0,A,L_union,4242,34.0,1698.0,0.1455018581870412,0.1270205385866398,0.1633241703275344,0.0811891850790454,0.001,999.0,20000.0,,0.018,True,b,,,,,,,,,,,,,,,
usgs_laysan_albatross,1000.0,A,E_high,3573,34.0,1318.0,0.0777759307162851,0.0612667128265082,0.0938316457814626,0.0451608691331296,0.001,999.0,20000.0,,,False,b,,,,,,,,,,,,,,,
usgs_laysan_albatross,1000.0,A,E_low,3573,34.0,1318.0,0.0538172496298888,0.0404833341492704,0.0665054736428533,0.0386163831086609,0.018,999.0,20000.0,,,False,b,,,,,,,,,,,,,,,
usgs_laysan_albatross,1000.0,A,E_union,3573,34.0,1318.0,0.1315931803461739,0.1138673628387608,0.1488208893608721,0.0837772522417905,0.001,999.0,20000.0,,,False,b,,,,,,,,,,,,,,,
usgs_laysan_albatross,1000.0,A,R_high,3573,34.0,1318.0,-0.0061068728178447,-0.0142040423352629,0.0007408789844435,-0.0004607336284799,0.974,999.0,20000.0,,1.0,False,b,,,,,,,,,,,,,,,
usgs_laysan_albatross,1000.0,A,R_low,3573,34.0,1318.0,-0.000120055055633,-0.0034410289005244,0.0031677272818007,-0.0005727069562732,0.406,999.0,20000.0,,1.0,False,b,,,,,,,,,,,,,,,
usgs_laysan_albatross,1000.0,A,R_union,3573,34.0,1318.0,-0.0062269278734777,-0.0161937975299605,0.0021922654918647,-0.0010334405847531,0.952,999.0,20000.0,,1.0,False,b,,,,,,,,,,,,,,,
usgs_laysan_albatross,1000.0,A,L_high,3573,34.0,1318.0,0.0838828035341298,0.0688840294183566,0.0986130020549388,0.0456216027616095,0.001,999.0,20000.0,,0.018,True,b,,,,,,,,,,,,,,,
usgs_laysan_albatross,1000.0,A,L_low,3573,34.0,1318.0,0.0539373046855219,0.0413510770854689,0.0659404815603785,0.0391890900649341,0.013,999.0,20000.0,,0.132,False,b,,,,,,,,,,,,,,,
usgs_laysan_albatross,1000.0,A,L_union,3573,34.0,1318.0,0.1378201082196517,0.1231445686058213,0.1524344129051794,0.0848106928265437,0.001,999.0,20000.0,,0.018,True,b,,,,,,,,,,,,,,,
usgs_laysan_albatross,2000.0,A,E_high,2757,34.0,914.0,0.0897668339723405,0.0746443870489288,0.1052788787272339,0.0429145508022318,0.001,999.0,20000.0,,,False,b,,,,,,,,,,,,,,,
usgs_laysan_albatross,2000.0,A,E_low,2757,34.0,914.0,0.0614603615954444,0.047202500185901,0.0759772718248422,0.0421773989509632,0.008,999.0,20000.0,,,False,b,,,,,,,,,,,,,,,
usgs_laysan_albatross,2000.0,A,E_union,2757,34.0,914.0,0.151227195567785,0.1307728818382894,0.1717384362708238,0.085091949753195,0.001,999.0,20000.0,,,False,b,,,,,,,,,,,,,,,
usgs_laysan_albatross,2000.0,A,R_high,2757,34.0,914.0,-0.0047054854470689,-0.0104464890732428,0.0011376160443242,-0.0010096635016147,0.887,999.0,20000.0,,1.0,False,b,,,,,,,,,,,,,,,
usgs_laysan_albatross,2000.0,A,R_low,2757,34.0,914.0,0.0003226953496683,-0.0036750835269726,0.0044546762432623,-0.0002349697855896,0.411,999.0,20000.0,,1.0,False,b,,,,,,,,,,,,,,,
usgs_laysan_albatross,2000.0,A,R_union,2757,34.0,914.0,-0.0043827900974005,-0.0118640652216289,0.0033105549753133,-0.0012446332872044,0.805,999.0,20000.0,,1.0,False,b,,,,,,,,,,,,,,,
usgs_laysan_albatross,2000.0,A,L_high,2757,34.0,914.0,0.0944723194194094,0.0798812810703762,0.1096923948582385,0.0439242143038464,0.001,999.0,20000.0,,0.018,True,b,,,,,,,,,,,,,,,
usgs_laysan_albatross,2000.0,A,L_low,2757,34.0,914.0,0.061137666245776,0.0475403680580861,0.0748430601766596,0.0424123687365529,0.012,999.0,20000.0,,0.132,False,b,,,,,,,,,,,,,,,
usgs_laysan_albatross,2000.0,A,L_union,2757,34.0,914.0,0.1556099856651854,0.1370844138392523,0.1739852783942085,0.0863365830403994,0.001,999.0,20000.0,,0.018,True,b,,,,,,,,,,,,,,,
,,,,1602,,,,,,,,,,,,,c,100.0,0.0,30.0,19.0,0.0,0.0457050553185469,0.0457050553185469,0.0239728237221772,0.0725396059045553,,,,,,
,,,,1602,,,,,,,,,,,,,c,100.0,30.0,120.0,19.0,0.0007545222657086,0.0505684515743969,0.0498139293086882,0.0206486127995754,0.0841651547964602,,,,,,
,,,,1602,,,,,,,,,,,,,c,100.0,120.0,300.0,19.0,0.0120768788213983,0.1047381861184192,0.0926613072970209,0.0388344690476707,0.1695276286003564,,,,,,
,,,,1602,,,,,,,,,,,,,c,100.0,300.0,600.0,19.0,0.0546056335618365,0.1765368213898427,0.1219311878280062,0.0557621064582557,0.2120177707033125,,,,,,
,500.0,,L_union,35,,,,0.2121842046842046,0.5004235150576615,0.0803169052375822,,,,,,,d,,,,,,,,,,forage_dominant,9.0,0.3563681926903409,0.003,primary_forage_dominant_L_union_4_scales,0.012
,1000.0,,L_union,34,,,,0.1877088254223347,0.4848754036444584,0.0506221574032611,,,,,,,d,,,,,,,,,,forage_dominant,8.0,0.3349756538514634,0.005,primary_forage_dominant_L_union_4_scales,0.015
,2000.0,,L_union,32,,,,0.1157882625187312,0.4713782423538521,0.0449848346511625,,,,,,,d,,,,,,,,,,forage_dominant,8.0,0.293344261175816,0.009,primary_forage_dominant_L_union_4_scales,0.018
,5000.0,,L_union,18,,,,-0.0032828025284535,0.3978030687977334,0.046205894113245,,,,,,,d,,,,,,,,,,forage_dominant,8.0,0.1989402685181469,0.118,primary_forage_dominant_L_union_4_scales,0.118
