scale_m,behavior_group,estimand,events,individuals,individual_equal_mean,bootstrap_ci_low,bootstrap_ci_high,phase_null_mean,phase_p_raw,holm_family,phase_p_holm
500,forage_dominant,E_high,35,9,0.16520920518645493,-0.0011920745060279767,0.3440489319597003,0.010967985976099928,0.069,descriptive,
500,forage_dominant,E_low,35,9,0.2005033842875097,0.026745141600214066,0.3957667647664909,0.06272415638482498,0.072,descriptive,
500,forage_dominant,E_union,35,9,0.36571258947396457,0.22915730941093257,0.500455355286308,0.07369214236092489,0.002,descriptive,
500,forage_dominant,R_high,35,9,0.008467405612761207,-0.009781047986217739,0.02819619974631724,-0.006906666624024499,0.198,descriptive,
500,forage_dominant,R_low,35,9,0.0008769911708625519,-0.006373359224737082,0.008321528559623802,0.00028190374736716025,0.537,descriptive,
500,forage_dominant,R_union,35,9,0.009344396783623761,-0.012382795776902131,0.03403978516948833,-0.006624762876657338,0.167,descriptive,
500,forage_dominant,L_high,35,9,0.15674179957369377,-0.0030889021261691994,0.33634061859400194,0.01787465260012443,0.094,secondary_forage_dominant_L_tails_8,0.47
500,forage_dominant,L_low,35,9,0.19962639311664715,0.025040533784710814,0.39369295588239683,0.062442252637457826,0.072,secondary_forage_dominant_L_tails_8,0.43199999999999994
500,forage_dominant,L_union,35,9,0.3563681926903409,0.21218420468420465,0.5004235150576615,0.08031690523758225,0.003,primary_forage_dominant_L_union_4_scales,0.012
500,rest_dominant,E_high,40,9,-0.14115509015258387,-0.19938738405843667,-0.07598720433933477,0.0011814089682371561,0.944,descriptive,
500,rest_dominant,E_low,40,9,0.17657998387948262,-0.019441140869712287,0.3917614583098605,0.08264162366060632,0.169,descriptive,
500,rest_dominant,E_union,40,9,0.03542489372689874,-0.1756152935468412,0.2575578324951759,0.08382303262884346,0.657,descriptive,
500,rest_dominant,R_high,40,9,-0.026152191816352217,-0.0758612054194761,0.009096459096459092,-0.0068539981412440365,0.863,descriptive,
500,rest_dominant,R_low,40,9,0.006454584587416664,-0.009698915647380565,0.022013151757042694,-0.0004371490786602677,0.311,descriptive,
500,rest_dominant,R_union,40,9,-0.019697607228935557,-0.060245091021250176,0.015624278719516807,-0.007291147219904302,0.739,descriptive,
500,rest_dominant,L_high,40,9,-0.11500289833623167,-0.18780102613435948,-0.04250020041686709,0.008035407109481188,0.906,descriptive,
500,rest_dominant,L_low,40,9,0.170125399292066,-0.0305419888753222,0.38789435872769207,0.08307877273926656,0.183,descriptive,
500,rest_dominant,L_union,40,9,0.055122500955834305,-0.14225234641901308,0.2737658830367164,0.09111417984874777,0.621,descriptive,
1000,forage_dominant,E_high,34,8,0.10221341415210583,-0.02518895442032086,0.21222307112568742,0.014614354206815741,0.189,descriptive,
1000,forage_dominant,E_low,34,8,0.24333986973986793,0.06603500012133373,0.44312687573733145,0.034526453630651564,0.012,descriptive,
1000,forage_dominant,E_union,34,8,0.34555328389197376,0.20305174607793597,0.4925453432623766,0.0491408078374673,0.004,descriptive,
1000,forage_dominant,R_high,34,8,0.011166233736008776,-0.0014792830557339477,0.025289355981320268,-0.0018303171824715857,0.273,descriptive,
1000,forage_dominant,R_low,34,8,-0.0005886036954983942,-0.010111307203029534,0.008861451048951051,0.00034896761667770374,0.589,descriptive,
1000,forage_dominant,R_union,34,8,0.010577630040510379,-0.010914428659964373,0.03391935940902546,-0.0014813495657938853,0.3,descriptive,
1000,forage_dominant,L_high,34,8,0.09104718041609706,-0.03403097022941256,0.19596194455950447,0.016444671389287326,0.215,secondary_forage_dominant_L_tails_8,0.645
1000,forage_dominant,L_low,34,8,0.2439284734353663,0.06403612239210064,0.44380365886653955,0.034177486013973864,0.011,secondary_forage_dominant_L_tails_8,0.088
1000,forage_dominant,L_union,34,8,0.33497565385146344,0.18770882542233472,0.48487540364445847,0.050622157403261175,0.005,primary_forage_dominant_L_union_4_scales,0.015
1000,rest_dominant,E_high,35,8,-0.13880947921126494,-0.20283119658119658,-0.06885374050552621,0.029868093161743964,0.978,descriptive,
1000,rest_dominant,E_low,35,8,0.05714501272536988,-0.07402077089577089,0.1905156339196516,0.05995336054859865,0.469,descriptive,
1000,rest_dominant,E_union,35,8,-0.08166446648589507,-0.2613416097791098,0.09388416642880928,0.0898214537103426,0.944,descriptive,
1000,rest_dominant,R_high,35,8,-0.01895366799032213,-0.0746775076427332,0.020363036934347968,-0.004154352264210247,0.786,descriptive,
1000,rest_dominant,R_low,35,8,0.0048895151162538335,-0.012719411045303906,0.0215561817829205,-0.0022276077864267128,0.352,descriptive,
1000,rest_dominant,R_union,35,8,-0.014064152874068297,-0.05939423919334635,0.022695213490561233,-0.006381960050636955,0.634,descriptive,
1000,rest_dominant,L_high,35,8,-0.11985581122094281,-0.18977029914529916,-0.051155033060871914,0.03402244542595421,0.962,descriptive,
1000,rest_dominant,L_low,35,8,0.052255497609116026,-0.08860968618369934,0.19565064412926256,0.06218096833502535,0.501,descriptive,
1000,rest_dominant,L_union,35,8,-0.06760031361182675,-0.22922312062937059,0.09081314792663478,0.09620341376097954,0.938,descriptive,
2000,forage_dominant,E_high,32,8,0.0961150964763311,-0.040173441374706756,0.22467656602403524,0.009021355389534452,0.173,descriptive,
2000,forage_dominant,E_low,32,8,0.2213035406605858,0.02976657476700227,0.4349142952694912,0.03457777794421852,0.022,descriptive,
2000,forage_dominant,E_union,32,8,0.3174186371369169,0.1456123196656285,0.48808879788701953,0.043599133333752954,0.006,descriptive,
2000,forage_dominant,R_high,32,8,0.027533073401167764,0.011460080144937228,0.045442468071144534,-0.0017378591607539553,0.018,descriptive,
2000,forage_dominant,R_low,32,8,-0.0034586974400669305,-0.016231514900384388,0.007239165001821208,0.0003521578433443465,0.691,descriptive,
2000,forage_dominant,R_union,32,8,0.024074375961100833,0.00796696576080254,0.04104110962566845,-0.0013857013174096127,0.059,descriptive,
2000,forage_dominant,L_high,32,8,0.06858202307516333,-0.06878127514846263,0.2021755970993776,0.010759214550288408,0.265,secondary_forage_dominant_L_tails_8,0.645
2000,forage_dominant,L_low,32,8,0.2247622381006527,0.03112425768675769,0.4365830561714708,0.03422562010087417,0.017,secondary_forage_dominant_L_tails_8,0.11900000000000001
2000,forage_dominant,L_union,32,8,0.293344261175816,0.11578826251873127,0.4713782423538521,0.04498483465116258,0.009,primary_forage_dominant_L_union_4_scales,0.018
2000,rest_dominant,E_high,29,7,-0.11154025868311582,-0.23147217861503575,0.0318724925867783,0.02281110376348472,0.923,descriptive,
2000,rest_dominant,E_low,29,7,0.15375868619916241,-0.002281345198011851,0.31045936647127126,0.06666342247691454,0.203,descriptive,
2000,rest_dominant,E_union,29,7,0.04221842751604656,-0.2184853924734877,0.30667490578204865,0.08947452624039924,0.643,descriptive,
2000,rest_dominant,R_high,29,7,0.007317166264534686,-0.0064971411212012735,0.021504461008220285,-0.0034035550368048287,0.181,descriptive,
2000,rest_dominant,R_low,29,7,0.0010236559829291654,-0.016801802749719416,0.0160641989589358,-0.0005041978277149546,0.482,descriptive,
2000,rest_dominant,R_union,29,7,0.00834082224746385,-0.015528842850271427,0.032712605472708815,-0.0039077528645197835,0.173,descriptive,
2000,rest_dominant,L_high,29,7,-0.11885742494765049,-0.24310205667348525,0.022129658144695762,0.026214658800289545,0.937,descriptive,
2000,rest_dominant,L_low,29,7,0.15273503021623322,-0.004568209568209565,0.3077061701873732,0.0671676203046295,0.198,descriptive,
2000,rest_dominant,L_union,29,7,0.033877605268582696,-0.2222376829519687,0.29046186895810955,0.09338227910491906,0.69,descriptive,
5000,forage_dominant,E_high,18,8,0.0809357898238712,-0.06606711602351137,0.2155627302284279,0.02534661195594658,0.288,descriptive,
5000,forage_dominant,E_low,18,8,0.12671798526086314,-0.08260567557442558,0.37695021669222245,0.029790065061382893,0.161,descriptive,
5000,forage_dominant,E_union,18,8,0.20765377508473437,-0.01487154560555723,0.41489690193123974,0.05513667701732946,0.124,descriptive,
5000,forage_dominant,R_high,18,8,0.0173454907110201,-0.00939751303984645,0.03837697613488169,0.00495298742626773,0.275,descriptive,
5000,forage_dominant,R_low,18,8,-0.008631984144432635,-0.024186321954897328,0.006752068631583872,0.003977795477816679,0.795,descriptive,
5000,forage_dominant,R_union,18,8,0.008713506566587462,-0.02225668745507713,0.0377616693923238,0.008930782904084405,0.505,descriptive,
5000,forage_dominant,L_high,18,8,0.06359029911285113,-0.07291266025641024,0.18699993367315298,0.020393624529678852,0.343,secondary_forage_dominant_L_tails_8,0.645
5000,forage_dominant,L_low,18,8,0.1353499694052958,-0.07305239286856934,0.3823149978409125,0.02581226958356622,0.132,secondary_forage_dominant_L_tails_8,0.528
5000,forage_dominant,L_union,18,8,0.19894026851814692,-0.003282802528453546,0.3978030687977334,0.04620589411324507,0.118,primary_forage_dominant_L_union_4_scales,0.118
5000,rest_dominant,E_high,17,5,-0.002391460391460397,-0.16492096792096791,0.16013804713804713,0.032258051795088824,0.562,descriptive,
5000,rest_dominant,E_low,17,5,0.11215260665260667,-0.132994930994931,0.35730014430014434,0.07883743193002452,0.39,descriptive,
5000,rest_dominant,E_union,17,5,0.10976114626114623,-0.2979158989158989,0.5174381914381914,0.11109548372511335,0.504,descriptive,
5000,rest_dominant,R_high,17,5,-0.002228467438993758,-0.023418943629469953,0.01672932330827067,-0.00261259783189608,0.512,descriptive,
5000,rest_dominant,R_low,17,5,0.007327220537746851,-0.002425759425759425,0.019670578933736825,-0.0005578374262584814,0.231,descriptive,
5000,rest_dominant,R_union,17,5,0.005098753098753096,-0.016315789473684218,0.03403359019148493,-0.00317043525815456,0.328,descriptive,
5000,rest_dominant,L_high,17,5,-0.0001629929524666257,-0.1649230769230769,0.16459709101814368,0.03487064962698492,0.553,descriptive,
5000,rest_dominant,L_low,17,5,0.10482538611485978,-0.13178205128205128,0.3421839856050382,0.07939526935628301,0.41,descriptive,
5000,rest_dominant,L_union,17,5,0.10466239316239315,-0.29670512820512823,0.5060299145299145,0.11426591898326793,0.518,descriptive,
