scale_m,predictor,estimand,events,individuals,individual_equal_slope,bootstrap_ci_low,bootstrap_ci_high,phase_null_mean,phase_p_raw,holm_family,phase_p_holm
500,future_specificity,E_high,74,7,0.26533573897859436,0.09603547409945891,0.44126518367407513,0.007710153856214364,0.028,descriptive,
500,future_specificity,E_low,74,7,0.05616274162012021,-0.23197953053873857,0.3204149850969416,-0.009873432888793346,0.292,descriptive,
500,future_specificity,E_union,74,7,0.3214984805987146,0.021079564559564484,0.6782522234973444,-0.0021632790325789913,0.013,secondary_future_specificity_E_R_union_8,0.091
500,future_specificity,R_high,74,7,0.06286989388691695,0.0008666255212778865,0.14809514719142822,-0.0018093583232080964,0.012,descriptive,
500,future_specificity,R_low,74,7,-0.002469955848351156,-0.026630635403760657,0.019633001107595412,-0.0014036187940441682,0.443,descriptive,
500,future_specificity,R_union,74,7,0.06039993803856577,0.008543922327584243,0.12430916920092427,-0.0032129771172522696,0.009,secondary_future_specificity_E_R_union_8,0.072
500,future_specificity,L_high,74,7,0.20246584509167745,0.08330180559755171,0.3129720727220155,0.00951951217942246,0.078,secondary_future_specificity_L_tails_8,0.525
500,future_specificity,L_low,74,7,0.05863269746847137,-0.23334018296367606,0.32971162690593847,-0.008469814094749176,0.286,secondary_future_specificity_L_tails_8,1.0
500,future_specificity,L_union,74,7,0.26109854256014886,-0.011293011654636507,0.558095338176359,0.001049698084673295,0.042,primary_future_specificity_L_union_4_scales,0.136
500,future_forage,E_high,74,7,0.9068214092631962,0.05471846198704768,2.218524670317408,0.04033505081059872,0.018,descriptive,
500,future_forage,E_low,74,7,-0.04450026429886652,-1.1001603349392777,0.8543445910546451,-0.07449138256906077,0.439,descriptive,
500,future_forage,E_union,74,7,0.8623211449643294,0.16952337625973996,1.5563770862703705,-0.03415633175846204,0.023,descriptive,
500,future_forage,R_high,74,7,0.056574148557332296,-0.054000212965693094,0.194708392256373,0.0009435748884231325,0.184,descriptive,
500,future_forage,R_low,74,7,0.012560313126339791,-0.011938074262751263,0.043481450871523886,-0.0018469973931796442,0.322,descriptive,
500,future_forage,R_union,74,7,0.0691344616836721,-0.033815712795330036,0.19932890091608643,-0.0009034225047565204,0.133,descriptive,
500,future_forage,L_high,74,7,0.8502472607058637,0.08386583073051428,2.12982690891137,0.03939147592217558,0.03,descriptive,
500,future_forage,L_low,74,7,-0.057060577425206246,-1.1033643687988701,0.8354612747245314,-0.07264438517588111,0.455,descriptive,
500,future_forage,L_union,74,7,0.7931866832806574,0.1199395014701836,1.4432250509677516,-0.03325290925370551,0.038,descriptive,
500,future_rest,E_high,74,7,-0.38005410491579533,-0.6002713150723248,-0.1589862208205763,-0.005407486124195122,0.972,descriptive,
500,future_rest,E_low,74,7,-0.003006655852192421,-0.35133822427884137,0.44543201854182257,0.011353467233845272,0.502,descriptive,
500,future_rest,E_union,74,7,-0.3830607607679876,-0.8048770194532089,0.02521356091853439,0.005945981109650154,0.951,descriptive,
500,future_rest,R_high,74,7,-0.10681993490631525,-0.20867037224091362,-0.02328133641106319,0.0033045512778200805,0.975,descriptive,
500,future_rest,R_low,74,7,0.005847479399992643,-0.03545924037126137,0.05597172040444519,0.0012376500655156624,0.514,descriptive,
500,future_rest,R_union,74,7,-0.1009724555063226,-0.159798196993496,-0.04293489967365627,0.00454220134333575,0.983,descriptive,
500,future_rest,L_high,74,7,-0.27323417000947997,-0.4217483168409365,-0.11905198879145895,-0.008712037402015212,0.905,descriptive,
500,future_rest,L_low,74,7,-0.00885413525218509,-0.3852268156469766,0.4503489403552461,0.010115817168329598,0.511,descriptive,
500,future_rest,L_union,74,7,-0.28208830526166506,-0.6589002280271666,0.10612345223000698,0.0014037797663143965,0.894,descriptive,
500,prior_specificity,E_high,74,7,0.36687827931510875,0.17946772996681665,0.5609893575334814,0.0004420298737919718,0.001,descriptive,
500,prior_specificity,E_low,74,7,0.0498193365348112,-0.2458573001066004,0.30916902612202524,0.022043886297496918,0.383,descriptive,
500,prior_specificity,E_union,74,7,0.41669761584992,0.12400924636876196,0.7368981312736239,0.022485916171288884,0.003,descriptive,
500,prior_specificity,R_high,74,7,0.06255451315433987,0.011138990407947802,0.13181555511190193,-0.0012543507668626385,0.02,descriptive,
500,prior_specificity,R_low,74,7,0.007738820761814813,-0.0074868411680469515,0.019705899876756396,-0.0008925336297273787,0.224,descriptive,
500,prior_specificity,R_union,74,7,0.07029333391615467,0.02182654053890371,0.14179520117502148,-0.0021468843965900273,0.007,descriptive,
500,prior_specificity,L_high,74,7,0.30432376616076884,0.14129226662423683,0.469020798708548,0.0016963806406546061,0.005,descriptive,
500,prior_specificity,L_low,74,7,0.04208051577299639,-0.2559997577167813,0.3005547401772565,0.022936419927224304,0.423,descriptive,
500,prior_specificity,L_union,74,7,0.3464042819337653,0.07974859189816552,0.614335084550223,0.024632800567878917,0.008,descriptive,
500,prior_forage,E_high,74,7,0.8826258064647845,-0.11717708590420285,2.3584185075115616,0.03453906460104211,0.043,descriptive,
500,prior_forage,E_low,74,7,0.020167325779111577,-1.482332896688549,1.1687625206178378,-0.05307220253072301,0.422,descriptive,
500,prior_forage,E_union,74,7,0.9027931322438961,0.5300237064876376,1.2707021245242263,-0.018533137929680848,0.019,descriptive,
500,prior_forage,R_high,74,7,0.03672799932451977,-0.06043013583430362,0.1272306092081401,-0.00828948610656357,0.214,descriptive,
500,prior_forage,R_low,74,7,-0.0016387590015145594,-0.031131248765752344,0.025922430487389306,-3.349902506036737e-05,0.523,descriptive,
500,prior_forage,R_union,74,7,0.03508924032300521,-0.04781255847798831,0.1144068107779289,-0.00832298513162395,0.232,descriptive,
500,prior_forage,L_high,74,7,0.8458978071402647,-0.1890174893528887,2.3443419829766725,0.04282855070760568,0.052,descriptive,
500,prior_forage,L_low,74,7,0.021806084780626105,-1.4527114468777662,1.173042052531437,-0.053038703505662636,0.416,descriptive,
500,prior_forage,L_union,74,7,0.8677038919208908,0.487662042664129,1.2704470653152273,-0.010210152798056892,0.025,descriptive,
500,prior_rest,E_high,74,7,-0.41745361680077275,-0.6001542323401204,-0.2392266847116182,0.002434827747827989,0.995,descriptive,
500,prior_rest,E_low,74,7,-0.014613811893150521,-0.33022676991241956,0.4115059745259373,-0.018618701298120807,0.476,descriptive,
500,prior_rest,E_union,74,7,-0.4320674286939233,-0.7853214164266683,0.015591798636766423,-0.01618387355029281,0.987,descriptive,
500,prior_rest,R_high,74,7,-0.09992573730649315,-0.16273299926528811,-0.0409504204442741,0.002220373565908202,0.989,descriptive,
500,prior_rest,R_low,74,7,-0.003563904747696456,-0.029903051259983018,0.03381232354273565,0.0014675529101321801,0.66,descriptive,
500,prior_rest,R_union,74,7,-0.1034896420541896,-0.15851937761064994,-0.050546110285211825,0.003687926476040395,0.996,descriptive,
500,prior_rest,L_high,74,7,-0.3175278794942796,-0.45770897840583913,-0.16086710097932472,0.0002144541819197865,0.98,descriptive,
500,prior_rest,L_low,74,7,-0.011049907145454087,-0.32358178885625294,0.41507941379435664,-0.020086254208252993,0.467,descriptive,
500,prior_rest,L_union,74,7,-0.32857778663973375,-0.6604001114220478,0.1196919833759363,-0.01987180002633321,0.948,descriptive,
500,future_minus_prior_specificity,E_high,74,7,-0.3789136832592012,-0.8060148311938402,-0.02162634692799451,0.01706441380358407,0.961,descriptive,
500,future_minus_prior_specificity,E_low,74,7,0.01839409732344202,-0.2594147930336321,0.35205594497747084,-0.012421570244363335,0.411,descriptive,
500,future_minus_prior_specificity,E_union,74,7,-0.3605195859357591,-0.6226303626533373,-0.13442348983330138,0.004642843559220749,0.902,descriptive,
500,future_minus_prior_specificity,R_high,74,7,-0.07132236943081527,-0.16427330524903724,0.007111732935660557,-0.0046727631181025225,0.882,descriptive,
500,future_minus_prior_specificity,R_low,74,7,0.010748378149250103,-0.013664339749364448,0.03690157852787845,0.0005822055534103011,0.36,descriptive,
500,future_minus_prior_specificity,R_union,74,7,-0.06057399128156513,-0.13742894530574037,0.004482515607299146,-0.004090557564692213,0.823,descriptive,
500,future_minus_prior_specificity,L_high,74,7,-0.30759131382838595,-0.7541885059048559,0.08377235127748657,0.021737176921686602,0.929,descriptive,
500,future_minus_prior_specificity,L_low,74,7,0.007645719174191918,-0.2900162014384638,0.3537378893409117,-0.013003775797773648,0.429,descriptive,
500,future_minus_prior_specificity,L_union,74,7,-0.299945594654194,-0.5532705396826436,-0.08566946144432479,0.008733401123912953,0.871,descriptive,
1000,future_specificity,E_high,70,7,0.235754543001474,0.08982106214199996,0.4033261928743853,0.0018751551689460085,0.047,descriptive,
1000,future_specificity,E_low,70,7,0.08707207027069726,-0.16716091838299021,0.34370934033528544,-0.004956771859175657,0.205,descriptive,
1000,future_specificity,E_union,70,7,0.32282661327217127,-0.007279674484847147,0.695656746194112,-0.0030816166902296474,0.021,secondary_future_specificity_E_R_union_8,0.10799999999999998
1000,future_specificity,R_high,70,7,0.030513541485452125,-0.029117071549352138,0.1214991329792717,0.00011824496575267411,0.161,descriptive,
1000,future_specificity,R_low,70,7,0.003042353955936414,-0.01986444046706049,0.02414492476822429,0.0002399313908787777,0.339,descriptive,
1000,future_specificity,R_union,70,7,0.03355589544138853,-0.02081066280582545,0.1073713639273858,0.00035817635663145053,0.152,secondary_future_specificity_E_R_union_8,0.608
1000,future_specificity,L_high,70,7,0.20524100151602184,0.09867769589950247,0.3148732064430503,0.0017569102031933348,0.075,secondary_future_specificity_L_tails_8,0.525
1000,future_specificity,L_low,70,7,0.08402971631476085,-0.1776802275565555,0.34796584399286346,-0.005196703250054431,0.209,secondary_future_specificity_L_tails_8,1.0
1000,future_specificity,L_union,70,7,0.2892707178307827,-0.02211909366360998,0.6167078944588381,-0.003439793046861093,0.034,primary_future_specificity_L_union_4_scales,0.136
1000,future_forage,E_high,70,7,0.13366043005654257,-0.11956277836077597,0.4504151429553253,0.027369704757156423,0.378,descriptive,
1000,future_forage,E_low,70,7,0.06895639683314171,-0.9605065864644422,0.9322007313810099,0.055551061379980705,0.421,descriptive,
1000,future_forage,E_union,70,7,0.20261682688968427,-0.9804207738345648,1.2656474149498884,0.08292076613713713,0.391,descriptive,
1000,future_forage,R_high,70,7,0.0733544857686149,-0.05791088490256197,0.21916374670195096,0.004629839198264405,0.183,descriptive,
1000,future_forage,R_low,70,7,0.03982340443474257,0.01566330959780588,0.0637734430062505,-4.208688270814894e-05,0.097,descriptive,
1000,future_forage,R_union,70,7,0.11317789020335747,-0.022452540415001117,0.2672268082424426,0.004587752315556247,0.055,descriptive,
1000,future_forage,L_high,70,7,0.0603059442879277,-0.16046191640124802,0.2747902513042259,0.02273986555889201,0.445,descriptive,
1000,future_forage,L_low,70,7,0.029132992398399164,-1.0107061387715246,0.8953963455821741,0.05559314826268887,0.466,descriptive,
1000,future_forage,L_union,70,7,0.08943893668632685,-1.1412442178724957,1.1331923187770052,0.0783330138215809,0.491,descriptive,
1000,future_rest,E_high,70,7,-0.405106738814999,-0.5907434290868103,-0.21743756950439322,0.002907967339157968,0.944,descriptive,
1000,future_rest,E_low,70,7,-0.03816151735570097,-0.34035425175702944,0.3151245461626422,0.00025648461727539336,0.563,descriptive,
1000,future_rest,E_union,70,7,-0.4432682561706999,-0.8546019500639501,-0.0468996827638803,0.0031644519564333643,0.929,descriptive,
1000,future_rest,R_high,70,7,-0.03880042967800961,-0.15743293058786456,0.040152438859263964,-0.0018184169860209428,0.688,descriptive,
1000,future_rest,R_low,70,7,0.0010687460108456265,-0.04435422578020375,0.05750797761042329,-0.0015516046507395365,0.512,descriptive,
1000,future_rest,R_union,70,7,-0.037731683667163986,-0.10908829735508382,0.02143574547853689,-0.0033700216367604763,0.695,descriptive,
1000,future_rest,L_high,70,7,-0.3663063091369894,-0.48077935457109433,-0.22466768083588715,0.004726384325178908,0.926,descriptive,
1000,future_rest,L_low,70,7,-0.03923026336654659,-0.3752850965375553,0.3437429769848148,0.0018080892680149196,0.585,descriptive,
1000,future_rest,L_union,70,7,-0.4055365725035359,-0.7607744062810988,-0.031554692587678845,0.006534473593193827,0.922,descriptive,
1000,prior_specificity,E_high,70,7,0.4293749500972565,0.20233864855614264,0.6607734064913661,0.0007760297016583372,0.002,descriptive,
1000,prior_specificity,E_low,70,7,0.11453678628082363,-0.12491441810032934,0.3204145076219141,0.022377203951030246,0.213,descriptive,
1000,prior_specificity,E_union,70,7,0.5439117363780801,0.25810656987287306,0.8495023126947897,0.02315323365268858,0.001,descriptive,
1000,prior_specificity,R_high,70,7,0.014276380344525474,-0.013930317192643649,0.052439536329411784,-5.1472087830940964e-05,0.321,descriptive,
1000,prior_specificity,R_low,70,7,0.012805272314686793,-0.0032770295468617957,0.02469547898609164,0.0001985339613897786,0.157,descriptive,
1000,prior_specificity,R_union,70,7,0.027081652659212255,0.00524282575102566,0.05316701038721956,0.00014706187355883026,0.207,descriptive,
1000,prior_specificity,L_high,70,7,0.415098569752731,0.1783393926167864,0.6602731944228525,0.000827501789489264,0.001,descriptive,
1000,prior_specificity,L_low,70,7,0.10173151396613685,-0.14200742628678403,0.3101450565741017,0.02217866998964047,0.248,descriptive,
1000,prior_specificity,L_union,70,7,0.5168300837188678,0.23739428063629603,0.8176171081764609,0.023006171779129742,0.002,descriptive,
1000,prior_forage,E_high,70,7,0.34573573091587656,-0.19902373608294358,0.9454320881449664,0.03334073978134332,0.227,descriptive,
1000,prior_forage,E_low,70,7,0.25694158813305457,-0.881371423671909,1.2093762377827026,-0.024770404097453735,0.213,descriptive,
1000,prior_forage,E_union,70,7,0.6026773190489312,-0.02724168700729601,1.207747802107667,0.008570335683889619,0.089,descriptive,
1000,prior_forage,R_high,70,7,0.001885530730092762,-0.09313733723365335,0.08192291650725107,-0.0028794321292470214,0.462,descriptive,
1000,prior_forage,R_low,70,7,0.0038161778050600273,-0.030303650165108106,0.03243860215032228,0.000944315132529178,0.45,descriptive,
1000,prior_forage,R_union,70,7,0.005701708535152783,-0.07967193875210178,0.08652368298703071,-0.001935116996717859,0.443,descriptive,
1000,prior_forage,L_high,70,7,0.34385020018578377,-0.22192079449083585,0.9449178477587842,0.036220171910590356,0.229,descriptive,
1000,prior_forage,L_low,70,7,0.25312541032799457,-0.8550393281030467,1.2016825803977156,-0.025714719229982905,0.214,descriptive,
1000,prior_forage,L_union,70,7,0.5969756105137785,-0.016905723725166213,1.2306573546578659,0.010505452680607485,0.101,descriptive,
1000,prior_rest,E_high,70,7,-0.6545603674957589,-1.0095820403203242,-0.3500124986053298,0.020714843394635123,0.996,descriptive,
1000,prior_rest,E_low,70,7,0.09780872211846645,-0.3362685057569318,0.8076094871379844,-0.02087155683439991,0.291,descriptive,
1000,prior_rest,E_union,70,7,-0.5567516453772924,-0.8409957370604233,-0.15753794547551422,-0.00015671343976478993,0.98,descriptive,
1000,prior_rest,R_high,70,7,-0.045991166459034935,-0.11078613084547355,0.004375510151441005,-0.0039488921269627605,0.757,descriptive,
1000,prior_rest,R_low,70,7,-0.008497029438214771,-0.03547291343103631,0.031013927027580362,-8.23211819027721e-06,0.627,descriptive,
1000,prior_rest,R_union,70,7,-0.054488195897249694,-0.0949962339120565,-0.019512322714183877,-0.003957124245153028,0.793,descriptive,
1000,prior_rest,L_high,70,7,-0.6085692010367237,-0.98199282465921,-0.28568308405233794,0.024663735521597892,0.993,descriptive,
1000,prior_rest,L_low,70,7,0.1063057515566812,-0.33127799626396065,0.8229949008052097,-0.020863324716209643,0.276,descriptive,
1000,prior_rest,L_union,70,7,-0.5022634494800425,-0.8036998992986469,-0.10918909472476242,0.0038004108053882536,0.972,descriptive,
1000,future_minus_prior_specificity,E_high,70,7,-0.6997462849497496,-1.4921850005287858,-0.056614592876247094,0.017201736504184533,0.995,descriptive,
1000,future_minus_prior_specificity,E_low,70,7,-0.14904674037636542,-0.4295679255061275,0.2214720985477757,-0.023014731958039047,0.678,descriptive,
1000,future_minus_prior_specificity,E_union,70,7,-0.8487930253261148,-1.7560580153253702,-0.25371979912840986,-0.005812995453854498,0.993,descriptive,
1000,future_minus_prior_specificity,R_high,70,7,-0.06320424185856438,-0.24166377858808005,0.13064595393446987,-0.0004063777641466074,0.753,descriptive,
1000,future_minus_prior_specificity,R_low,70,7,0.03227680861207212,0.0010638158730224853,0.06200388210352048,-0.002352807050134993,0.154,descriptive,
1000,future_minus_prior_specificity,R_union,70,7,-0.030927433246492237,-0.2021229088960149,0.1770768109853225,-0.002759184814281599,0.604,descriptive,
1000,future_minus_prior_specificity,L_high,70,7,-0.636542043091185,-1.5547876863684233,0.04797275662677606,0.017608114268331147,0.996,descriptive,
1000,future_minus_prior_specificity,L_low,70,7,-0.18132354898843756,-0.4778293907115534,0.18221286108527238,-0.020661924907904052,0.744,descriptive,
1000,future_minus_prior_specificity,L_union,70,7,-0.8178655920796227,-1.905595497981709,-0.14271184231725537,-0.003053810639572911,0.992,descriptive,
2000,future_specificity,E_high,62,7,0.14218053624403132,-0.002810644553447824,0.26490938978908984,-0.00187474776955146,0.204,descriptive,
2000,future_specificity,E_low,62,7,-0.038987114512847,-0.2762081902173807,0.20510354642880174,0.007503860927407795,0.605,descriptive,
2000,future_specificity,E_union,62,7,0.10319342173118431,-0.22069195983387485,0.3613134916732162,0.005629113157856337,0.313,secondary_future_specificity_E_R_union_8,0.897
2000,future_specificity,R_high,62,7,0.035384749845216404,-0.02282414995966248,0.12038980979433375,-0.002111144849086331,0.197,descriptive,
2000,future_specificity,R_low,62,7,-0.029999485272894814,-0.09525103177157117,0.015542318473965632,0.003914829443495403,0.808,descriptive,
2000,future_specificity,R_union,62,7,0.005385264572321621,-0.028956703848158964,0.03622208558560335,0.001803684594409078,0.474,secondary_future_specificity_E_R_union_8,0.897
2000,future_specificity,L_high,62,7,0.1067957863988149,-0.04850944335675737,0.25383590162580194,0.0002363970795348746,0.257,secondary_future_specificity_L_tails_8,1.0
2000,future_specificity,L_low,62,7,-0.008987629239952194,-0.2530132919598567,0.24044025988880943,0.003589031483912394,0.526,secondary_future_specificity_L_tails_8,1.0
2000,future_specificity,L_union,62,7,0.0978081571588627,-0.22986639743803555,0.36653605370669873,0.003825428563447262,0.313,primary_future_specificity_L_union_4_scales,0.626
2000,future_forage,E_high,62,7,1.0864079220709806,-0.09769737067971263,3.1765011177261866,0.038118245597055074,0.126,descriptive,
2000,future_forage,E_low,62,7,-0.2630824133084831,-1.3831362097241044,0.6665205597851362,0.08748990997374555,0.586,descriptive,
2000,future_forage,E_union,62,7,0.8233255087624974,-0.21227339442891954,2.0234768100856195,0.12560815557080068,0.215,descriptive,
2000,future_forage,R_high,62,7,0.03814694302456867,-0.026428401173381265,0.12462084942389043,0.0030927634407663294,0.275,descriptive,
2000,future_forage,R_low,62,7,0.018061821027979534,-0.07913555427868575,0.11331534257450386,0.0017304761701081525,0.361,descriptive,
2000,future_forage,R_union,62,7,0.05620876405254822,-0.0013971159644345723,0.12594763688462343,0.0048232396108744795,0.193,descriptive,
2000,future_forage,L_high,62,7,1.0482609790464117,-0.13476342429444946,3.1534933984643447,0.03502548215628872,0.135,descriptive,
2000,future_forage,L_low,62,7,-0.28114423433646274,-1.4817989908148843,0.6847769431998335,0.08575943380363742,0.59,descriptive,
2000,future_forage,L_union,62,7,0.7671167447099493,-0.2644096756760097,1.912487366463499,0.12078491595992621,0.236,descriptive,
2000,future_rest,E_high,62,7,-2.724840804526614,-7.921592499771716,0.03657452141214655,-0.4706328204382551,0.8,descriptive,
2000,future_rest,E_low,62,7,-3.117386888033109,-9.942652061225465,0.5699017297809574,0.3806315586964107,0.889,descriptive,
2000,future_rest,E_union,62,7,-5.842227692559722,-17.86299231555715,0.6155864135533297,-0.09000126174184452,0.926,descriptive,
2000,future_rest,R_high,62,7,-0.3239908649124816,-0.9752455286820451,0.02884657594572341,-0.06320401455374644,0.738,descriptive,
2000,future_rest,R_low,62,7,-0.28497233125938043,-0.8517082466929152,0.016227956483515046,0.004531270824470043,0.879,descriptive,
2000,future_rest,R_union,62,7,-0.6089631961718621,-1.8205995698940411,0.028027190311895104,-0.05867274372927645,0.913,descriptive,
2000,future_rest,L_high,62,7,-2.4008499396141323,-6.960739206904921,0.054455388959619856,-0.4074288058845088,0.748,descriptive,
2000,future_rest,L_low,62,7,-2.8324145567737284,-9.109329344198255,0.5637205341973242,0.3761002878719407,0.857,descriptive,
2000,future_rest,L_union,62,7,-5.233264496387861,-16.085966573248896,0.6371191265062609,-0.031328518012567974,0.909,descriptive,
2000,prior_specificity,E_high,62,7,0.3517539022596541,0.1552262407584399,0.5629605014120498,-0.011363582120080632,0.025,descriptive,
2000,prior_specificity,E_low,62,7,0.03356206090624209,-0.26662471752783073,0.2971379849350074,0.021513354834701445,0.463,descriptive,
2000,prior_specificity,E_union,62,7,0.3853159631658962,-0.023420863753837357,0.7107758225613854,0.010149772714620812,0.027,descriptive,
2000,prior_specificity,R_high,62,7,0.02032959705813486,-0.012426144986533801,0.06053528019042103,0.002056229674250664,0.317,descriptive,
2000,prior_specificity,R_low,62,7,-0.00343510855959949,-0.04856779882452794,0.0310868874567292,0.0020121252750905845,0.582,descriptive,
2000,prior_specificity,R_union,62,7,0.016894488498535375,0.0012929390863661782,0.032703376629762915,0.004068354949341246,0.387,descriptive,
2000,prior_specificity,L_high,62,7,0.3314243052015193,0.12573439659943103,0.5628573422532697,-0.013419811794331287,0.026,descriptive,
2000,prior_specificity,L_low,62,7,0.03699716946584159,-0.26715374073825937,0.30401495009781404,0.019501229559610863,0.464,descriptive,
2000,prior_specificity,L_union,62,7,0.3684214746673608,-0.036738911043316246,0.6972195656121497,0.006081417765279571,0.031,descriptive,
2000,prior_forage,E_high,62,7,0.7680958632106566,-0.13681370163574966,2.20921010256295,0.04806998654357727,0.095,descriptive,
2000,prior_forage,E_low,62,7,-0.13289635465582797,-1.6296816188198358,1.0429370799878357,0.011450800944160898,0.559,descriptive,
2000,prior_forage,E_union,62,7,0.6351995085548285,0.05648975889463881,1.2048214600722826,0.059520787487738196,0.124,descriptive,
2000,prior_forage,R_high,62,7,0.02796396737434041,-0.01026030335743724,0.06582276484810398,-0.008437286576430897,0.25,descriptive,
2000,prior_forage,R_low,62,7,-0.01381820662383203,-0.051372618883132215,0.018565170688152676,-0.0005734597700065646,0.612,descriptive,
2000,prior_forage,R_union,62,7,0.014145760750508388,-0.028823317584110227,0.05114312877316639,-0.009010746346437466,0.36,descriptive,
2000,prior_forage,L_high,62,7,0.7401318958363161,-0.15962896106712773,2.1636319284303163,0.056507273120008195,0.109,descriptive,
2000,prior_forage,L_low,62,7,-0.11907814803199568,-1.633548001279545,1.07418200819986,0.012024260714167487,0.547,descriptive,
2000,prior_forage,L_union,62,7,0.6210537478043203,0.06097909774910669,1.196842878204243,0.06853153383417565,0.137,descriptive,
2000,prior_rest,E_high,62,7,-0.6478623373011109,-0.9587602554843067,-0.35287850661639714,0.025167393074931977,0.938,descriptive,
2000,prior_rest,E_low,62,7,0.8558691792825556,-0.20765461792367,2.135862420744848,-0.020866972311819932,0.024,descriptive,
2000,prior_rest,E_union,62,7,0.20800684198144467,-0.616049033389268,1.1977157795115307,0.004300420763112031,0.351,descriptive,
2000,prior_rest,R_high,62,7,-0.11307177164967609,-0.24679305996413023,-0.006618652998847123,-0.01101699592412415,0.971,descriptive,
2000,prior_rest,R_low,62,7,0.01863345713744472,-0.038255078241238485,0.11242026148900156,-0.0043439580677725855,0.315,descriptive,
2000,prior_rest,R_union,62,7,-0.09443831451223138,-0.16101174070894136,-0.03196695117981621,-0.015360953991896738,0.879,descriptive,
2000,prior_rest,L_high,62,7,-0.5347905656514348,-0.7476289024421054,-0.2881204310524833,0.03618438899905612,0.906,descriptive,
2000,prior_rest,L_low,62,7,0.8372357221451111,-0.18295800083569771,2.0476962693181213,-0.016523014244047365,0.022,descriptive,
2000,prior_rest,L_union,62,7,0.30244515649367604,-0.5669493099636893,1.3401051926796075,0.01966137475500879,0.299,descriptive,
2000,future_minus_prior_specificity,E_high,62,7,-0.9549357808216883,-1.9118299117558475,-0.11262022014305248,0.011826879235511623,0.988,descriptive,
2000,future_minus_prior_specificity,E_low,62,7,-0.0750169271848589,-0.5859296606974206,0.6421236857852456,-0.02052558035022983,0.459,descriptive,
2000,future_minus_prior_specificity,E_union,62,7,-1.0299527080065474,-2.3033682629071284,0.03509148380420701,-0.008698701114718198,0.977,descriptive,
2000,future_minus_prior_specificity,R_high,62,7,0.02333157724550622,-0.1423035244245385,0.19734942153035973,0.010128148663903954,0.438,descriptive,
2000,future_minus_prior_specificity,R_low,62,7,0.0017073298402066324,-0.03463562466172053,0.041144021296459894,0.0013428095861357902,0.521,descriptive,
2000,future_minus_prior_specificity,R_union,62,7,0.025038907085712832,-0.13277660539197364,0.19662366727856914,0.011470958250039746,0.436,descriptive,
2000,future_minus_prior_specificity,L_high,62,7,-0.9782673580671946,-2.0890781796073883,-0.01125867535715037,0.0016987305716076955,0.992,descriptive,
2000,future_minus_prior_specificity,L_low,62,7,-0.0767242570250656,-0.5901848870270776,0.6582086149405783,-0.02186838993636562,0.488,descriptive,
2000,future_minus_prior_specificity,L_union,62,7,-1.0549916150922602,-2.4851596440542005,0.1442467668252241,-0.02016965936475793,0.981,descriptive,
5000,future_specificity,E_high,35,6,-0.6261329360739536,-1.2438417242857338,-0.026293979852537123,0.03258017192028807,0.843,descriptive,
5000,future_specificity,E_low,35,6,0.9098713726116966,-0.24675202692453158,2.232086958439328,-0.08790700862338574,0.012,descriptive,
5000,future_specificity,E_union,35,6,0.283738436537743,-0.44037105047951314,1.1956956377398784,-0.05532683670309762,0.299,secondary_future_specificity_E_R_union_8,0.897
5000,future_specificity,R_high,35,6,0.14950241062616035,0.0383099674372022,0.3380839912659532,-0.012272929594676407,0.052,descriptive,
5000,future_specificity,R_low,35,6,0.0461947642604302,-0.05384323798325194,0.1555486113884175,0.00706591838178619,0.203,descriptive,
5000,future_specificity,R_union,35,6,0.19569717488659058,-0.003147216938608093,0.4838687086127654,-0.005207011212890211,0.018,secondary_future_specificity_E_R_union_8,0.10799999999999998
5000,future_specificity,L_high,35,6,-0.7756353467001141,-1.5822248735534117,-0.0910703048334196,0.044853101514964515,0.902,secondary_future_specificity_L_tails_8,1.0
5000,future_specificity,L_low,35,6,0.8636766083512665,-0.21313155830557803,2.103469282279654,-0.09497292700517194,0.014,secondary_future_specificity_L_tails_8,0.112
5000,future_specificity,L_union,35,6,0.08804126165115228,-0.4929657736607454,0.9599957592530268,-0.050119825490207416,0.424,primary_future_specificity_L_union_4_scales,0.626
5000,future_forage,E_high,35,6,1.2366558667947853,-1.0890509265219093,5.01742077273104,-0.025581952692179145,0.123,descriptive,
5000,future_forage,E_low,35,6,-0.20195095686459183,-2.514271838881618,2.0162075911191093,0.15663649521020154,0.559,descriptive,
5000,future_forage,E_union,35,6,1.0347049099301937,-0.5381752264148271,2.8989645458307294,0.13105454251802245,0.222,descriptive,
5000,future_forage,R_high,35,6,0.2213323411515272,0.08350716687466749,0.4187321331622796,-0.006375560462276024,0.022,descriptive,
5000,future_forage,R_low,35,6,0.03391488945015217,-0.08917048875172072,0.16932349529363344,0.01046565339838214,0.339,descriptive,
5000,future_forage,R_union,35,6,0.25524723060167936,0.050828140148995594,0.5558138763489598,0.00409009293610611,0.007,descriptive,
5000,future_forage,L_high,35,6,1.015323525643258,-1.4266271317898394,4.831551544186772,-0.019206392229903096,0.157,descriptive,
5000,future_forage,L_low,35,6,-0.23586584631474383,-2.521260955488557,1.9334792109658385,0.1461708418118194,0.565,descriptive,
5000,future_forage,L_union,35,6,0.7794576793285142,-0.7015561631487112,2.614639031096247,0.12696444958191633,0.306,descriptive,
5000,future_rest,E_high,35,6,-0.15608523641241923,-15.13002549614351,14.464163980916533,-0.5130725278996555,0.422,descriptive,
5000,future_rest,E_low,35,6,-9.509408793172314,-19.848101898417493,0.2807567156637896,1.0112715691089555,0.998,descriptive,
5000,future_rest,E_union,35,6,-9.665494029584734,-28.836456374273677,0.7182768495771988,0.49819904120929914,0.912,descriptive,
5000,future_rest,R_high,35,6,-1.019362106674664,-2.3375374810081855,0.09918839798240316,0.14152211301579024,0.846,descriptive,
5000,future_rest,R_low,35,6,-0.7993532099601173,-1.8348609375895437,-0.0037321531355186846,-0.056986178893573464,0.854,descriptive,
5000,future_rest,R_union,35,6,-1.8187153166347823,-3.7420992590501565,0.06375116161600013,0.08453593412221645,0.932,descriptive,
5000,future_rest,L_high,35,6,0.863276870262244,-13.817737460347857,16.363328732440415,-0.6545946409154455,0.368,descriptive,
5000,future_rest,L_low,35,6,-8.710055583212197,-18.570637485201107,0.27940944889606434,1.068257748002529,0.994,descriptive,
5000,future_rest,L_union,35,6,-7.846778712949951,-25.622630033368747,2.148737398527785,0.4136631070870835,0.851,descriptive,
5000,prior_specificity,E_high,35,6,-0.008511159031673562,-0.7136184048952231,0.485611370270488,-0.0036859711296642087,0.504,descriptive,
5000,prior_specificity,E_low,35,6,0.4341507045160246,-0.42696894318885165,1.4653048699788256,-0.007010219935285429,0.073,descriptive,
5000,prior_specificity,E_union,35,6,0.42563954548435107,-0.21512691016792976,1.1142791622210684,-0.010696191064949621,0.095,descriptive,
5000,prior_specificity,R_high,35,6,0.018302364662086224,-0.027056232085967483,0.0685479631937818,0.0035550521374811453,0.359,descriptive,
5000,prior_specificity,R_low,35,6,0.04373200850246995,0.0003135267806266464,0.0894749067669946,0.007354175846652542,0.114,descriptive,
5000,prior_specificity,R_union,35,6,0.062034373164556185,0.005557081446101006,0.12317352133052666,0.010909227984133683,0.109,descriptive,
5000,prior_specificity,L_high,35,6,-0.026813523693759733,-0.7578626498592348,0.5088652746795632,-0.007241023267145354,0.522,descriptive,
5000,prior_specificity,L_low,35,6,0.39041869601355467,-0.42795332024023597,1.387045538039659,-0.014364395781937966,0.087,descriptive,
5000,prior_specificity,L_union,35,6,0.3636051723197949,-0.24238896910928268,1.0229259566575295,-0.02160541904908331,0.114,descriptive,
5000,prior_forage,E_high,35,6,0.515451890742519,-0.8149602642556645,2.3588563184151536,0.00944403842583619,0.218,descriptive,
5000,prior_forage,E_low,35,6,-0.44911301508240603,-1.7992426565138941,0.796228107165384,0.10865544558138843,0.767,descriptive,
5000,prior_forage,E_union,35,6,0.06633887566011304,-0.9621406676225436,0.9739417358920338,0.1180994840072247,0.548,descriptive,
5000,prior_forage,R_high,35,6,0.06448060038106525,-0.0056837543176533195,0.13715146770677192,-0.013606953318944438,0.105,descriptive,
5000,prior_forage,R_low,35,6,-0.025481074559145823,-0.14305575358610287,0.05585314269674629,-0.010958232161075773,0.619,descriptive,
5000,prior_forage,R_union,35,6,0.038999525821919435,-0.05286214520588536,0.14442878146410246,-0.02456518548002023,0.157,descriptive,
5000,prior_forage,L_high,35,6,0.4509712903614538,-0.9048047154323425,2.3156405921046006,0.023050991744780678,0.249,descriptive,
5000,prior_forage,L_low,35,6,-0.42363194052326025,-1.767809871629525,0.8012277453140281,0.11961367774246422,0.773,descriptive,
5000,prior_forage,L_union,35,6,0.027339349838193666,-0.9038200215070925,0.8467614710879054,0.14266466948724496,0.573,descriptive,
5000,prior_rest,E_high,35,6,-1.3613586263766624,-3.2308874026429746,-0.19225555826388505,0.001134210456517553,0.97,descriptive,
5000,prior_rest,E_low,35,6,1.0100633918842572,-0.7900328601680217,2.9898297524181725,0.015002195741238256,0.07,descriptive,
5000,prior_rest,E_union,35,6,-0.35129523449240546,-1.274552489687322,0.5965935374953345,0.016136406197755807,0.7,descriptive,
5000,prior_rest,R_high,35,6,-0.09027136420115066,-0.23361190386012676,0.027460606064245986,-0.0006104596824405663,0.778,descriptive,
5000,prior_rest,R_low,35,6,-0.03391549523231562,-0.10789623519742612,0.03774012263455618,-0.00881168290251512,0.601,descriptive,
5000,prior_rest,R_union,35,6,-0.1241868594334663,-0.31289882341739284,0.021635805562780316,-0.009422142584955717,0.842,descriptive,
5000,prior_rest,L_high,35,6,-1.271087262175512,-3.1819061239223125,-0.003928110631467363,0.0017446701389581289,0.96,descriptive,
5000,prior_rest,L_low,35,6,1.0439788871165727,-0.6892496222414288,2.9613282857132623,0.02381387864375338,0.063,descriptive,
5000,prior_rest,L_union,35,6,-0.22710837505893913,-1.0851128500197393,0.7245630786509002,0.025558548782711545,0.637,descriptive,
5000,future_minus_prior_specificity,E_high,35,6,0.2756748023478899,-1.4243224006723627,2.6860003263811785,0.038063342111293086,0.324,descriptive,
5000,future_minus_prior_specificity,E_low,35,6,-1.0530972969031709,-2.5158502591523324,-0.023192825512724446,-0.03878042558758787,0.965,descriptive,
5000,future_minus_prior_specificity,E_union,35,6,-0.7774224945552812,-1.9017194680142735,0.309697370425883,-0.0007170834762947781,0.872,descriptive,
5000,future_minus_prior_specificity,R_high,35,6,0.05743342907122431,-0.03293406465306468,0.13840468702294031,0.006355261281689731,0.346,descriptive,
5000,future_minus_prior_specificity,R_low,35,6,-0.045589493804095806,-0.11205377087355706,0.015694034524518848,0.0020081936717964754,0.732,descriptive,
5000,future_minus_prior_specificity,R_union,35,6,0.011843935267128519,-0.09136945540506337,0.1439973970060877,0.008363454953486244,0.492,descriptive,
5000,future_minus_prior_specificity,L_high,35,6,0.21824137327666562,-1.5430694560520817,2.649909112258884,0.03170808082960338,0.354,descriptive,
5000,future_minus_prior_specificity,L_low,35,6,-1.0075078030990752,-2.4540609924931887,0.05274574468720033,-0.04078861925938436,0.954,descriptive,
5000,future_minus_prior_specificity,L_union,35,6,-0.7892664298224098,-2.015739207804722,0.3284451746749509,-0.009080538429781015,0.871,descriptive,
