event_id,scale_m,run_key,individual,status,support_points,native_cell_runs,record_cell_runs,maximum_nearest_grid_distance_deg
500|1:H001:P000|1|0|15,500,1:H001:P000,1,ok,16,3,3,0.022344099359418525
500|1:H001:P000|2|15|36,500,1:H001:P000,1,ok,22,6,5,0.02369937402317281
500|1:H001:P000|3|36|42,500,1:H001:P000,1,ok,7,4,3,0.02369937402317281
500|1:H001:P000|4|42|50,500,1:H001:P000,1,ok,9,3,3,0.020636612862486026
500|1:H001:P000|5|50|59,500,1:H001:P000,1,ok,10,6,5,0.02294112343825625
500|1:H001:P000|6|59|86,500,1:H001:P000,1,ok,28,15,15,0.022638564090173244
500|1:H001:P000|8|99|105,500,1:H001:P000,1,ok,7,3,3,0.025623157918254792
500|1:H001:P000|9|105|110,500,1:H001:P000,1,ok,6,3,2,0.017826741840677306
500|1:H001:P000|11|121|155,500,1:H001:P000,1,ok,35,15,15,0.02361384553568625
500|1:H001:P000|12|155|170,500,1:H001:P000,1,ok,16,4,3,0.022290886685309343
1000|1:H001:P000|1|0|15,1000,1:H001:P000,1,ok,16,3,3,0.022344099359418525
1000|1:H001:P000|2|15|36,1000,1:H001:P000,1,ok,22,6,5,0.02369937402317281
1000|1:H001:P000|3|36|42,1000,1:H001:P000,1,ok,7,4,3,0.02369937402317281
1000|1:H001:P000|4|42|50,1000,1:H001:P000,1,ok,9,3,3,0.020636612862486026
1000|1:H001:P000|5|50|59,1000,1:H001:P000,1,ok,10,6,5,0.02294112343825625
1000|1:H001:P000|6|59|86,1000,1:H001:P000,1,ok,28,15,15,0.022638564090173244
1000|1:H001:P000|7|86|105,1000,1:H001:P000,1,ok,20,3,3,0.025623157918254792
1000|1:H001:P000|8|105|121,1000,1:H001:P000,1,ok,17,4,3,0.02024084884372166
1000|1:H001:P000|9|121|155,1000,1:H001:P000,1,ok,35,15,15,0.02361384553568625
1000|1:H001:P000|10|155|170,1000,1:H001:P000,1,ok,16,4,3,0.022290886685309343
2000|1:H001:P000|1|0|15,2000,1:H001:P000,1,ok,16,3,3,0.022344099359418525
2000|1:H001:P000|2|15|36,2000,1:H001:P000,1,ok,22,6,5,0.02369937402317281
2000|1:H001:P000|3|36|42,2000,1:H001:P000,1,ok,7,4,3,0.02369937402317281
2000|1:H001:P000|4|42|59,2000,1:H001:P000,1,ok,18,8,7,0.02294112343825625
2000|1:H001:P000|5|59|86,2000,1:H001:P000,1,ok,28,15,15,0.022638564090173244
2000|1:H001:P000|6|86|105,2000,1:H001:P000,1,ok,20,3,3,0.025623157918254792
2000|1:H001:P000|7|105|121,2000,1:H001:P000,1,ok,17,4,3,0.02024084884372166
2000|1:H001:P000|8|121|155,2000,1:H001:P000,1,ok,35,15,15,0.02361384553568625
2000|1:H001:P000|9|155|170,2000,1:H001:P000,1,ok,16,4,3,0.022290886685309343
5000|1:H001:P000|1|0|58,5000,1:H001:P000,1,ok,59,17,10,0.02369937402317281
5000|1:H001:P000|2|58|86,5000,1:H001:P000,1,ok,29,16,15,0.022638564090173244
5000|1:H001:P000|3|86|105,5000,1:H001:P000,1,ok,20,3,3,0.025623157918254792
5000|1:H001:P000|4|105|121,5000,1:H001:P000,1,ok,17,4,3,0.02024084884372166
5000|1:H001:P000|5|121|155,5000,1:H001:P000,1,ok,35,15,15,0.02361384553568625
500|10:H001:P000|1|0|99,500,10:H001:P000,10,ok,100,19,18,0.025339241190737053
500|10:H001:P000|2|99|125,500,10:H001:P000,10,ok,27,21,20,0.023851783806879665
1000|10:H001:P000|1|0|125,1000,10:H001:P000,10,ok,126,39,32,0.025339241190737053
2000|10:H001:P000|1|0|125,2000,10:H001:P000,10,ok,126,39,32,0.025339241190737053
5000|10:H001:P000|1|0|125,5000,10:H001:P000,10,ok,126,39,32,0.025339241190737053
500|2:H001:P000|1|0|64,500,2:H001:P000,2,ok,65,12,12,0.02511862376720148
500|2:H001:P000|6|129|181,500,2:H001:P000,2,ok,53,13,13,0.020571676896462037
1000|2:H001:P000|1|0|123,1000,2:H001:P000,2,ok,124,13,13,0.02511862376720148
1000|2:H001:P000|3|145|181,1000,2:H001:P000,2,ok,37,13,12,0.020571676896462037
2000|2:H001:P000|1|0|123,2000,2:H001:P000,2,ok,124,13,13,0.02511862376720148
2000|2:H001:P000|2|123|181,2000,2:H001:P000,2,ok,59,14,13,0.020571676896462037
5000|2:H001:P000|1|0|123,5000,2:H001:P000,2,ok,124,13,13,0.02511862376720148
500|4:H001:P000|1|0|10,500,4:H001:P000,4,ok,11,5,5,0.02247932266896069
500|4:H001:P000|2|10|57,500,4:H001:P000,4,ok,48,10,9,0.024613991389080162
500|4:H001:P000|3|57|83,500,4:H001:P000,4,ok,27,6,5,0.022591115317976165
500|4:H001:P000|4|83|96,500,4:H001:P000,4,ok,14,5,3,0.021331945332122574
500|4:H001:P000|5|96|102,500,4:H001:P000,4,ok,7,3,3,0.02099968540421237
500|4:H001:P000|6|102|110,500,4:H001:P000,4,ok,9,5,4,0.025327771119205224
500|4:H001:P000|9|116|130,500,4:H001:P000,4,ok,15,3,2,0.017968017204010055
500|4:H001:P000|14|139|143,500,4:H001:P000,4,ok,5,3,3,0.017958139839954656
500|4:H001:P000|15|143|150,500,4:H001:P000,4,ok,8,6,5,0.018273668082388478
500|4:H001:P000|16|150|157,500,4:H001:P000,4,ok,8,4,4,0.018722039126213105
500|4:H001:P000|17|157|161,500,4:H001:P000,4,ok,5,3,2,0.019645545251813463
500|4:H001:P000|18|161|166,500,4:H001:P000,4,ok,6,5,5,0.023150881884122388
500|4:H001:P000|19|166|178,500,4:H001:P000,4,ok,13,6,6,0.02027190300756719
1000|4:H001:P000|1|0|10,1000,4:H001:P000,4,ok,11,5,5,0.02247932266896069
1000|4:H001:P000|2|10|57,1000,4:H001:P000,4,ok,48,10,9,0.024613991389080162
1000|4:H001:P000|3|57|83,1000,4:H001:P000,4,ok,27,6,5,0.022591115317976165
1000|4:H001:P000|4|83|96,1000,4:H001:P000,4,ok,14,5,3,0.021331945332122574
1000|4:H001:P000|5|96|102,1000,4:H001:P000,4,ok,7,3,3,0.02099968540421237
1000|4:H001:P000|6|102|110,1000,4:H001:P000,4,ok,9,5,4,0.025327771119205224
1000|4:H001:P000|9|116|130,1000,4:H001:P000,4,ok,15,3,2,0.017968017204010055
1000|4:H001:P000|14|139|143,1000,4:H001:P000,4,ok,5,3,3,0.017958139839954656
1000|4:H001:P000|15|143|150,1000,4:H001:P000,4,ok,8,6,5,0.018273668082388478
1000|4:H001:P000|16|150|157,1000,4:H001:P000,4,ok,8,4,4,0.018722039126213105
1000|4:H001:P000|17|157|161,1000,4:H001:P000,4,ok,5,3,2,0.019645545251813463
1000|4:H001:P000|18|161|166,1000,4:H001:P000,4,ok,6,5,5,0.023150881884122388
1000|4:H001:P000|19|166|178,1000,4:H001:P000,4,ok,13,6,6,0.02027190300756719
2000|4:H001:P000|1|0|10,2000,4:H001:P000,4,ok,11,5,5,0.02247932266896069
2000|4:H001:P000|2|10|57,2000,4:H001:P000,4,ok,48,10,9,0.024613991389080162
2000|4:H001:P000|3|57|83,2000,4:H001:P000,4,ok,27,6,5,0.022591115317976165
2000|4:H001:P000|4|83|96,2000,4:H001:P000,4,ok,14,5,3,0.021331945332122574
2000|4:H001:P000|5|96|102,2000,4:H001:P000,4,ok,7,3,3,0.02099968540421237
2000|4:H001:P000|6|102|110,2000,4:H001:P000,4,ok,9,5,4,0.025327771119205224
2000|4:H001:P000|9|116|130,2000,4:H001:P000,4,ok,15,3,2,0.017968017204010055
2000|4:H001:P000|10|130|143,2000,4:H001:P000,4,ok,14,7,3,0.018035991038742226
2000|4:H001:P000|11|143|150,2000,4:H001:P000,4,ok,8,6,5,0.018273668082388478
2000|4:H001:P000|12|150|157,2000,4:H001:P000,4,ok,8,4,4,0.018722039126213105
2000|4:H001:P000|13|157|161,2000,4:H001:P000,4,ok,5,3,2,0.019645545251813463
2000|4:H001:P000|14|161|166,2000,4:H001:P000,4,ok,6,5,5,0.023150881884122388
2000|4:H001:P000|15|166|178,2000,4:H001:P000,4,ok,13,6,6,0.02027190300756719
5000|4:H001:P000|1|0|149,5000,4:H001:P000,4,ok,150,43,24,0.025327771119205224
5000|4:H001:P000|2|149|157,5000,4:H001:P000,4,ok,9,4,4,0.018722039126213105
5000|4:H001:P000|3|157|161,5000,4:H001:P000,4,ok,5,3,2,0.019645545251813463
5000|4:H001:P000|4|161|166,5000,4:H001:P000,4,ok,6,5,5,0.023150881884122388
5000|4:H001:P000|5|166|178,5000,4:H001:P000,4,ok,13,6,6,0.02027190300756719
500|5:H001:P000|1|0|59,500,5:H001:P000,5,ok,60,15,14,0.02409145079995342
500|5:H001:P000|6|80|91,500,5:H001:P000,5,ok,12,5,4,0.026749098783305753
500|5:H001:P000|7|91|108,500,5:H001:P000,5,ok,18,8,6,0.022537150201899052
500|5:H001:P000|8|108|110,500,5:H001:P000,5,ok,3,3,2,0.017940373381322542
500|5:H001:P000|10|114|129,500,5:H001:P000,5,ok,16,5,4,0.024797352648979202
500|5:H001:P000|11|129|189,500,5:H001:P000,5,ok,61,26,26,0.02369476843749442
1000|5:H001:P000|1|0|91,1000,5:H001:P000,5,ok,92,21,19,0.026749098783305753
1000|5:H001:P000|2|91|108,1000,5:H001:P000,5,ok,18,8,6,0.022537150201899052
1000|5:H001:P000|3|108|110,1000,5:H001:P000,5,ok,3,3,2,0.017940373381322542
1000|5:H001:P000|4|110|129,1000,5:H001:P000,5,ok,20,6,6,0.024797352648979202
1000|5:H001:P000|5|129|189,1000,5:H001:P000,5,ok,61,26,26,0.02369476843749442
2000|5:H001:P000|1|0|91,2000,5:H001:P000,5,ok,92,21,19,0.026749098783305753
2000|5:H001:P000|2|91|108,2000,5:H001:P000,5,ok,18,8,6,0.022537150201899052
2000|5:H001:P000|3|108|129,2000,5:H001:P000,5,ok,22,8,6,0.024797352648979202
2000|5:H001:P000|4|129|189,2000,5:H001:P000,5,ok,61,26,26,0.02369476843749442
5000|5:H001:P000|1|0|91,5000,5:H001:P000,5,ok,92,21,19,0.026749098783305753
5000|5:H001:P000|2|91|108,5000,5:H001:P000,5,ok,18,8,6,0.022537150201899052
5000|5:H001:P000|3|108|129,5000,5:H001:P000,5,ok,22,8,6,0.024797352648979202
5000|5:H001:P000|4|129|189,5000,5:H001:P000,5,ok,61,26,26,0.02369476843749442
500|6:H001:P000|1|0|8,500,6:H001:P000,6,ok,9,3,3,0.022258711134495866
500|6:H001:P000|2|8|52,500,6:H001:P000,6,ok,45,8,8,0.025436173418775944
500|6:H001:P000|4|55|59,500,6:H001:P000,6,ok,5,3,2,0.023096613268441674
500|6:H001:P000|7|109|111,500,6:H001:P000,6,ok,3,3,2,0.01867724818494497
500|6:H001:P000|8|111|135,500,6:H001:P000,6,ok,25,6,5,0.02407684872548594
500|6:H001:P000|9|135|165,500,6:H001:P000,6,ok,31,13,12,0.0260447524903979
1000|6:H001:P000|1|0|52,1000,6:H001:P000,6,ok,53,10,10,0.025436173418775944
1000|6:H001:P000|2|52|59,1000,6:H001:P000,6,ok,8,4,3,0.023096613268441674
1000|6:H001:P000|5|109|111,1000,6:H001:P000,6,ok,3,3,2,0.01867724818494497
1000|6:H001:P000|6|111|135,1000,6:H001:P000,6,ok,25,6,5,0.02407684872548594
1000|6:H001:P000|7|135|165,1000,6:H001:P000,6,ok,31,13,12,0.0260447524903979
2000|6:H001:P000|1|0|52,2000,6:H001:P000,6,ok,53,10,10,0.025436173418775944
2000|6:H001:P000|2|52|59,2000,6:H001:P000,6,ok,8,4,3,0.023096613268441674
2000|6:H001:P000|5|109|116,2000,6:H001:P000,6,ok,8,4,3,0.01867724818494497
2000|6:H001:P000|6|116|135,2000,6:H001:P000,6,ok,20,5,5,0.02407684872548594
5000|6:H001:P000|1|0|135,5000,6:H001:P000,6,ok,136,21,17,0.025436173418775944
500|7-(A):H001:P000|1|0|144,500,7-(A):H001:P000,7,ok,145,43,41,0.02626249092774613
1000|7-(A):H001:P000|1|0|144,1000,7-(A):H001:P000,7,ok,145,43,41,0.02626249092774613
2000|7-(A):H001:P000|1|0|144,2000,7-(A):H001:P000,7,ok,145,43,41,0.02626249092774613
5000|7-(A):H001:P000|1|0|144,5000,7-(A):H001:P000,7,ok,145,43,41,0.02626249092774613
500|7-(B):H001:P000|1|0|30,500,7-(B):H001:P000,7,ok,31,16,15,0.024985894383079067
500|7-(B):H001:P000|2|30|41,500,7-(B):H001:P000,7,ok,12,5,5,0.022093129563313434
500|7-(B):H001:P000|3|41|69,500,7-(B):H001:P000,7,ok,29,6,6,0.02068887218873768
500|7-(B):H001:P000|4|69|73,500,7-(B):H001:P000,7,ok,5,4,4,0.02154275148099961
500|7-(B):H001:P000|5|73|91,500,7-(B):H001:P000,7,ok,19,5,4,0.019430317722835284
500|7-(B):H001:P000|6|91|99,500,7-(B):H001:P000,7,ok,9,6,6,0.020944354111168337
500|7-(B):H001:P000|7|99|115,500,7-(B):H001:P000,7,ok,17,10,8,0.022190426681403124
500|7-(B):H001:P000|8|115|137,500,7-(B):H001:P000,7,ok,23,9,9,0.02257465977785444
500|7-(B):H001:P000|11|148|158,500,7-(B):H001:P000,7,ok,11,3,3,0.02187527761937225
500|7-(B):H001:P000|13|160|175,500,7-(B):H001:P000,7,ok,16,9,9,0.02373198549314642
1000|7-(B):H001:P000|1|0|30,1000,7-(B):H001:P000,7,ok,31,16,15,0.024985894383079067
1000|7-(B):H001:P000|2|30|47,1000,7-(B):H001:P000,7,ok,18,7,6,0.022093129563313434
1000|7-(B):H001:P000|4|51|68,1000,7-(B):H001:P000,7,ok,18,4,4,0.02068887218873768
1000|7-(B):H001:P000|5|68|73,1000,7-(B):H001:P000,7,ok,6,4,4,0.02154275148099961
1000|7-(B):H001:P000|6|73|91,1000,7-(B):H001:P000,7,ok,19,5,4,0.019430317722835284
1000|7-(B):H001:P000|7|91|99,1000,7-(B):H001:P000,7,ok,9,6,6,0.020944354111168337
1000|7-(B):H001:P000|8|99|115,1000,7-(B):H001:P000,7,ok,17,10,8,0.022190426681403124
1000|7-(B):H001:P000|9|115|137,1000,7-(B):H001:P000,7,ok,23,9,9,0.02257465977785444
1000|7-(B):H001:P000|10|137|153,1000,7-(B):H001:P000,7,ok,17,4,4,0.022416919069686715
1000|7-(B):H001:P000|11|153|175,1000,7-(B):H001:P000,7,ok,23,9,9,0.02373198549314642
2000|7-(B):H001:P000|1|0|30,2000,7-(B):H001:P000,7,ok,31,16,15,0.024985894383079067
2000|7-(B):H001:P000|2|30|68,2000,7-(B):H001:P000,7,ok,39,10,9,0.022093129563313434
2000|7-(B):H001:P000|3|68|73,2000,7-(B):H001:P000,7,ok,6,4,4,0.02154275148099961
2000|7-(B):H001:P000|4|73|91,2000,7-(B):H001:P000,7,ok,19,5,4,0.019430317722835284
2000|7-(B):H001:P000|5|91|99,2000,7-(B):H001:P000,7,ok,9,6,6,0.020944354111168337
2000|7-(B):H001:P000|6|99|115,2000,7-(B):H001:P000,7,ok,17,10,8,0.022190426681403124
2000|7-(B):H001:P000|7|115|137,2000,7-(B):H001:P000,7,ok,23,9,9,0.02257465977785444
2000|7-(B):H001:P000|8|137|175,2000,7-(B):H001:P000,7,ok,39,12,12,0.02373198549314642
5000|7-(B):H001:P000|1|0|41,5000,7-(B):H001:P000,7,ok,42,20,19,0.024985894383079067
5000|7-(B):H001:P000|2|41|69,5000,7-(B):H001:P000,7,ok,29,6,6,0.02068887218873768
5000|7-(B):H001:P000|3|69|99,5000,7-(B):H001:P000,7,ok,31,13,6,0.02154275148099961
5000|7-(B):H001:P000|4|99|115,5000,7-(B):H001:P000,7,ok,17,10,8,0.022190426681403124
5000|7-(B):H001:P000|5|115|137,5000,7-(B):H001:P000,7,ok,23,9,9,0.02257465977785444
500|8:H001:P000|1|0|27,500,8:H001:P000,8,ok,28,15,15,0.022052357461046487
500|8:H001:P000|3|30|53,500,8:H001:P000,8,ok,24,16,11,0.02593829758912851
500|8:H001:P000|4|53|59,500,8:H001:P000,8,ok,7,5,4,0.023415728106398574
500|8:H001:P000|7|68|77,500,8:H001:P000,8,ok,10,7,4,0.022295234072923324
500|8:H001:P000|8|77|131,500,8:H001:P000,8,ok,55,24,21,0.021976435735689356
500|8:H001:P000|9|131|139,500,8:H001:P000,8,ok,9,4,4,0.023669415771424653
500|8:H001:P000|11|143|148,500,8:H001:P000,8,ok,6,3,2,0.02109051109431648
1000|8:H001:P000|1|0|27,1000,8:H001:P000,8,ok,28,15,15,0.022052357461046487
1000|8:H001:P000|3|30|53,1000,8:H001:P000,8,ok,24,16,11,0.02593829758912851
1000|8:H001:P000|4|53|59,1000,8:H001:P000,8,ok,7,5,4,0.023415728106398574
1000|8:H001:P000|5|59|77,1000,8:H001:P000,8,ok,19,9,6,0.022295234072923324
1000|8:H001:P000|6|77|131,1000,8:H001:P000,8,ok,55,24,21,0.021976435735689356
1000|8:H001:P000|7|131|139,1000,8:H001:P000,8,ok,9,4,4,0.023669415771424653
1000|8:H001:P000|9|143|148,1000,8:H001:P000,8,ok,6,3,2,0.02109051109431648
2000|8:H001:P000|1|0|27,2000,8:H001:P000,8,ok,28,15,15,0.022052357461046487
2000|8:H001:P000|2|27|52,2000,8:H001:P000,8,ok,26,16,10,0.02593829758912851
2000|8:H001:P000|3|52|77,2000,8:H001:P000,8,ok,26,14,10,0.023415728106398574
2000|8:H001:P000|4|77|131,2000,8:H001:P000,8,ok,55,24,21,0.021976435735689356
2000|8:H001:P000|5|131|139,2000,8:H001:P000,8,ok,9,4,4,0.023669415771424653
2000|8:H001:P000|6|139|154,2000,8:H001:P000,8,ok,16,5,3,0.021883350798848438
5000|8:H001:P000|1|0|52,5000,8:H001:P000,8,ok,53,30,22,0.02593829758912851
5000|8:H001:P000|2|52|77,5000,8:H001:P000,8,ok,26,14,10,0.023415728106398574
5000|8:H001:P000|3|77|131,5000,8:H001:P000,8,ok,55,24,21,0.021976435735689356
500|9-(A):H022:P000|1|0|29,500,9-(A):H022:P000,9,ok,30,22,21,0.02574817633944952
500|9-(A):H022:P000|2|29|39,500,9-(A):H022:P000,9,ok,11,4,4,0.02269316371415881
500|9-(A):H022:P000|3|39|49,500,9-(A):H022:P000,9,ok,11,5,5,0.022155315153489646
500|9-(A):H022:P000|5|56|98,500,9-(A):H022:P000,9,ok,43,16,16,0.024012012092947267
500|9-(A):H022:P000|6|98|116,500,9-(A):H022:P000,9,ok,19,4,3,0.024174885351793556
500|9-(A):H022:P000|8|119|135,500,9-(A):H022:P000,9,ok,17,13,12,0.024131435615599772
500|9-(A):H022:P000|9|135|155,500,9-(A):H022:P000,9,ok,21,13,11,0.022424662673632523
500|9-(A):H022:P000|11|158|173,500,9-(A):H022:P000,9,ok,16,4,3,0.02064800716191523
500|9-(A):H022:P000|14|186|195,500,9-(A):H022:P000,9,ok,10,7,6,0.020707123081943998
500|9-(A):H022:P000|15|195|206,500,9-(A):H022:P000,9,ok,12,7,6,0.0200697875896098
500|9-(A):H022:P000|16|206|217,500,9-(A):H022:P000,9,ok,12,6,6,0.023449807181535734
500|9-(A):H022:P000|17|217|232,500,9-(A):H022:P000,9,ok,16,4,4,0.023636798264762986
500|9-(A):H022:P000|18|232|245,500,9-(A):H022:P000,9,ok,14,6,6,0.021750219579536854
500|9-(A):H022:P000|19|245|272,500,9-(A):H022:P000,9,ok,28,11,10,0.02170039483168292
500|9-(A):H022:P000|20|272|301,500,9-(A):H022:P000,9,ok,30,10,10,0.02308589008347088
500|9-(A):H022:P000|21|301|426,500,9-(A):H022:P000,9,ok,126,6,6,0.022198476287256626
500|9-(A):H022:P000|22|426|432,500,9-(A):H022:P000,9,ok,7,3,3,0.023939243045945455
1000|9-(A):H022:P000|1|0|29,1000,9-(A):H022:P000,9,ok,30,22,21,0.02574817633944952
1000|9-(A):H022:P000|2|29|39,1000,9-(A):H022:P000,9,ok,11,4,4,0.02269316371415881
1000|9-(A):H022:P000|3|39|49,1000,9-(A):H022:P000,9,ok,11,5,5,0.022155315153489646
1000|9-(A):H022:P000|5|56|98,1000,9-(A):H022:P000,9,ok,43,16,16,0.024012012092947267
1000|9-(A):H022:P000|6|98|116,1000,9-(A):H022:P000,9,ok,19,4,3,0.024174885351793556
1000|9-(A):H022:P000|7|116|135,1000,9-(A):H022:P000,9,ok,20,14,14,0.024131435615599772
1000|9-(A):H022:P000|8|135|155,1000,9-(A):H022:P000,9,ok,21,13,11,0.022424662673632523
1000|9-(A):H022:P000|9|155|173,1000,9-(A):H022:P000,9,ok,19,5,4,0.02064800716191523
1000|9-(A):H022:P000|11|186|195,1000,9-(A):H022:P000,9,ok,10,7,6,0.020707123081943998
1000|9-(A):H022:P000|12|195|206,1000,9-(A):H022:P000,9,ok,12,7,6,0.0200697875896098
1000|9-(A):H022:P000|13|206|217,1000,9-(A):H022:P000,9,ok,12,6,6,0.023449807181535734
1000|9-(A):H022:P000|14|217|232,1000,9-(A):H022:P000,9,ok,16,4,4,0.023636798264762986
1000|9-(A):H022:P000|15|232|245,1000,9-(A):H022:P000,9,ok,14,6,6,0.021750219579536854
1000|9-(A):H022:P000|16|245|272,1000,9-(A):H022:P000,9,ok,28,11,10,0.02170039483168292
1000|9-(A):H022:P000|17|272|301,1000,9-(A):H022:P000,9,ok,30,10,10,0.02308589008347088
1000|9-(A):H022:P000|18|301|426,1000,9-(A):H022:P000,9,ok,126,6,6,0.022198476287256626
1000|9-(A):H022:P000|19|426|432,1000,9-(A):H022:P000,9,ok,7,3,3,0.023939243045945455
2000|9-(A):H022:P000|1|0|29,2000,9-(A):H022:P000,9,ok,30,22,21,0.02574817633944952
2000|9-(A):H022:P000|2|29|49,2000,9-(A):H022:P000,9,ok,21,8,8,0.02269316371415881
2000|9-(A):H022:P000|3|49|98,2000,9-(A):H022:P000,9,ok,50,17,16,0.024012012092947267
2000|9-(A):H022:P000|4|98|116,2000,9-(A):H022:P000,9,ok,19,4,3,0.024174885351793556
2000|9-(A):H022:P000|5|116|135,2000,9-(A):H022:P000,9,ok,20,14,14,0.024131435615599772
2000|9-(A):H022:P000|6|135|155,2000,9-(A):H022:P000,9,ok,21,13,11,0.022424662673632523
2000|9-(A):H022:P000|7|155|186,2000,9-(A):H022:P000,9,ok,32,6,5,0.02064800716191523
2000|9-(A):H022:P000|8|186|195,2000,9-(A):H022:P000,9,ok,10,7,6,0.020707123081943998
2000|9-(A):H022:P000|9|195|206,2000,9-(A):H022:P000,9,ok,12,7,6,0.0200697875896098
2000|9-(A):H022:P000|10|206|217,2000,9-(A):H022:P000,9,ok,12,6,6,0.023449807181535734
2000|9-(A):H022:P000|11|217|232,2000,9-(A):H022:P000,9,ok,16,4,4,0.023636798264762986
2000|9-(A):H022:P000|12|232|245,2000,9-(A):H022:P000,9,ok,14,6,6,0.021750219579536854
2000|9-(A):H022:P000|13|245|272,2000,9-(A):H022:P000,9,ok,28,11,10,0.02170039483168292
2000|9-(A):H022:P000|14|272|301,2000,9-(A):H022:P000,9,ok,30,10,10,0.02308589008347088
2000|9-(A):H022:P000|15|301|426,2000,9-(A):H022:P000,9,ok,126,6,6,0.022198476287256626
5000|9-(A):H022:P000|1|0|29,5000,9-(A):H022:P000,9,ok,30,22,21,0.02574817633944952
5000|9-(A):H022:P000|2|29|98,5000,9-(A):H022:P000,9,ok,70,24,18,0.024012012092947267
5000|9-(A):H022:P000|3|98|195,5000,9-(A):H022:P000,9,ok,98,40,28,0.024174885351793556
5000|9-(A):H022:P000|4|195|206,5000,9-(A):H022:P000,9,ok,12,7,6,0.0200697875896098
5000|9-(A):H022:P000|5|206|217,5000,9-(A):H022:P000,9,ok,12,6,6,0.023449807181535734
5000|9-(A):H022:P000|6|217|232,5000,9-(A):H022:P000,9,ok,16,4,4,0.023636798264762986
5000|9-(A):H022:P000|7|232|245,5000,9-(A):H022:P000,9,ok,14,6,6,0.021750219579536854
5000|9-(A):H022:P000|8|245|272,5000,9-(A):H022:P000,9,ok,28,11,10,0.02170039483168292
5000|9-(A):H022:P000|9|272|301,5000,9-(A):H022:P000,9,ok,30,10,10,0.02308589008347088
5000|9-(A):H022:P000|10|301|426,5000,9-(A):H022:P000,9,ok,126,6,6,0.022198476287256626
500|9-(B):H001:P000|1|0|75,500,9-(B):H001:P000,9,ok,76,25,24,0.023504727193300712
500|9-(B):H001:P000|2|75|118,500,9-(B):H001:P000,9,ok,44,4,3,0.021242258916012315
500|9-(B):H001:P000|3|118|152,500,9-(B):H001:P000,9,ok,35,5,4,0.020827390676879585
1000|9-(B):H001:P000|1|0|75,1000,9-(B):H001:P000,9,ok,76,25,24,0.023504727193300712
2000|9-(B):H001:P000|1|0|75,2000,9-(B):H001:P000,9,ok,76,25,24,0.023504727193300712
5000|9-(B):H001:P000|1|0|75,5000,9-(B):H001:P000,9,ok,76,25,24,0.023504727193300712
500|9-(C):H003:P000|1|0|44,500,9-(C):H003:P000,9,ok,45,23,23,0.023958947536486527
1000|9-(C):H003:P000|1|0|44,1000,9-(C):H003:P000,9,ok,45,23,23,0.023958947536486527
2000|9-(C):H003:P000|1|0|147,2000,9-(C):H003:P000,9,ok,148,27,26,0.023958947536486527
5000|9-(C):H003:P000|1|0|147,5000,9-(C):H003:P000,9,ok,148,27,26,0.023958947536486527
