contrast,left,right,estimand,component,tail,paired_birds,left_events,right_events,observed_unit_equal,bootstrap_ci_low,bootstrap_ci_high,phase_null_mean,phase_p_two_sided,phase_reps,bootstrap_reps,scale_m,holm_family,holm_phase_p,coverage_gate,primary_pass
post_minus_pre,post_only,pre_only,E_high,E,high,59,182,145,0.056606177098221105,-0.06373887490678279,0.17767359706917898,-0.011725089139434472,0.315,999,20000,250,diagnostic,,True,False
post_minus_pre,post_only,pre_only,E_low,E,low,59,182,145,0.04629879204788034,-0.02703336190126186,0.12067798262683561,0.001041807866929006,0.331,999,20000,250,diagnostic,,True,False
post_minus_pre,post_only,pre_only,E_union,E,union,59,182,145,0.10290496914610142,-0.018150847694463196,0.2238760502779779,-0.010683281272505467,0.098,999,20000,250,diagnostic,,True,False
post_minus_pre,post_only,pre_only,R_high,R,high,59,182,145,-0.005786071296792121,-0.028947730854626513,0.017192414459799008,0.0007677816295395871,0.537,999,20000,250,diagnostic,,True,False
post_minus_pre,post_only,pre_only,R_low,R,low,59,182,145,0.005334345596457402,-0.003769495514357145,0.01599209961587409,0.00062220866615796,0.249,999,20000,250,diagnostic,,True,False
post_minus_pre,post_only,pre_only,R_union,R,union,59,182,145,-0.00045172570033471377,-0.024741452541018588,0.02358419247483218,0.0013899902956975478,0.869,999,20000,250,diagnostic,,True,False
post_minus_pre,post_only,pre_only,L_high,L,high,59,182,145,0.062392248395013235,-0.05178097441898117,0.17955265504930615,-0.012492870768974058,0.259,999,20000,250,diagnostic,,True,False
post_minus_pre,post_only,pre_only,L_low,L,low,59,182,145,0.04096444645142293,-0.031014570636771696,0.11402107706996362,0.0004195992007710469,0.376,999,20000,250,diagnostic,,True,False
post_minus_pre,post_only,pre_only,L_union,L,union,59,182,145,0.10335669484643618,-0.016558950720715157,0.2232228698383277,-0.012073271568203012,0.077,999,20000,250,primary_post_minus_pre_L_union_4_scales,0.308,True,False
post_minus_none,post_only,none_observed,E_high,E,high,77,212,1156,-0.04137070712627328,-0.1237536242971188,0.04519932040117466,-0.007016138595747324,0.474,999,20000,250,diagnostic,,True,False
post_minus_none,post_only,none_observed,E_low,E,low,77,212,1156,0.004800876847652111,-0.06038213795050746,0.07451084559851412,-0.005969367857493304,0.758,999,20000,250,diagnostic,,True,False
post_minus_none,post_only,none_observed,E_union,E,union,77,212,1156,-0.036569830278621214,-0.11970310158095337,0.04421660749979466,-0.012985506453240632,0.612,999,20000,250,diagnostic,,True,False
post_minus_none,post_only,none_observed,R_high,R,high,77,212,1156,-0.016066063819032705,-0.03224632214682116,-0.0015561607635886812,-0.003189458661003959,0.069,999,20000,250,diagnostic,,True,False
post_minus_none,post_only,none_observed,R_low,R,low,77,212,1156,-0.007237065526795956,-0.01230663990526113,-0.002511489436474602,-0.0008943828134509844,0.005,999,20000,250,diagnostic,,True,False
post_minus_none,post_only,none_observed,R_union,R,union,77,212,1156,-0.023303129345828656,-0.04058045461176822,-0.00798223585470991,-0.0040838414744549445,0.003,999,20000,250,diagnostic,,True,False
post_minus_none,post_only,none_observed,L_high,L,high,77,212,1156,-0.025304643307240603,-0.10592021670376978,0.06003702622151866,-0.0038266799347433642,0.66,999,20000,250,diagnostic,,True,False
post_minus_none,post_only,none_observed,L_low,L,low,77,212,1156,0.012037942374448048,-0.05282755703475838,0.08158306106057288,-0.005074985044042319,0.61,999,20000,250,diagnostic,,True,False
post_minus_none,post_only,none_observed,L_union,L,union,77,212,1156,-0.013266700932792556,-0.09473070926056122,0.06561134951812243,-0.008901664978785688,0.916,999,20000,250,diagnostic,,True,False
pre_minus_none,pre_only,none_observed,E_high,E,high,72,167,1066,-0.05777094420133466,-0.16039155190293272,0.04697744142692958,0.0016723829519190614,0.231,999,20000,250,diagnostic,,True,False
pre_minus_none,pre_only,none_observed,E_low,E,low,72,167,1066,-0.04840082182950013,-0.10302184633731068,0.010500591856243111,-0.0028371965958898762,0.22,999,20000,250,diagnostic,,True,False
pre_minus_none,pre_only,none_observed,E_union,E,union,72,167,1066,-0.10617176603083481,-0.20782659244664994,-0.004565103396406924,-0.0011648136439708255,0.029,999,20000,250,diagnostic,,True,False
pre_minus_none,pre_only,none_observed,R_high,R,high,72,167,1066,-0.012409867321070854,-0.028683196130360925,0.0019741605146741652,-0.0023109916137166037,0.194,999,20000,250,diagnostic,,True,False
pre_minus_none,pre_only,none_observed,R_low,R,low,72,167,1066,-0.012634603596437605,-0.023479519165223988,-0.003337061548843024,-0.0014643363453997426,0.001,999,20000,250,diagnostic,,True,False
pre_minus_none,pre_only,none_observed,R_union,R,union,72,167,1066,-0.025044470917508464,-0.04267517760975973,-0.009478428142693984,-0.0037753279591163464,0.006,999,20000,250,diagnostic,,True,False
pre_minus_none,pre_only,none_observed,L_high,L,high,72,167,1066,-0.045361076880263806,-0.14559475513307582,0.058106331146687486,0.003983374565635663,0.312,999,20000,250,diagnostic,,True,False
pre_minus_none,pre_only,none_observed,L_low,L,low,72,167,1066,-0.035766218233062565,-0.08781141790266257,0.020493618610301603,-0.0013728602504901326,0.357,999,20000,250,diagnostic,,True,False
pre_minus_none,pre_only,none_observed,L_union,L,union,72,167,1066,-0.08112729511332634,-0.18035167251100628,0.01836220923982263,0.002610514315145526,0.078,999,20000,250,diagnostic,,True,False
post_minus_pre,post_only,pre_only,E_high,E,high,42,131,91,0.10092105919495173,-0.04222022680064637,0.24599004952640333,0.010546399173545792,0.227,999,20000,500,diagnostic,,True,False
post_minus_pre,post_only,pre_only,E_low,E,low,42,131,91,-0.021704665376653567,-0.14024716866525888,0.08940820294688699,0.01324417042206421,0.527,999,20000,500,diagnostic,,True,False
post_minus_pre,post_only,pre_only,E_union,E,union,42,131,91,0.07921639381829818,-0.08406927226852046,0.24556437438338738,0.02379056959561,0.471,999,20000,500,diagnostic,,True,False
post_minus_pre,post_only,pre_only,R_high,R,high,42,131,91,0.005850829479192958,-0.01517262400520723,0.029136789323948364,0.00562524167963585,0.985,999,20000,500,diagnostic,,True,False
post_minus_pre,post_only,pre_only,R_low,R,low,42,131,91,-0.002241807388656549,-0.014626911800633233,0.010362032026161738,0.0018814923264381471,0.503,999,20000,500,diagnostic,,True,False
post_minus_pre,post_only,pre_only,R_union,R,union,42,131,91,0.0036090220905364125,-0.01734027327062509,0.027757371518837667,0.007506734006073999,0.752,999,20000,500,diagnostic,,True,False
post_minus_pre,post_only,pre_only,L_high,L,high,42,131,91,0.09507022971575875,-0.04292843924911684,0.23559178335873282,0.004921157493909944,0.232,999,20000,500,diagnostic,,True,False
post_minus_pre,post_only,pre_only,L_low,L,low,42,131,91,-0.019462857987997025,-0.13666361337394622,0.09062716294807222,0.011362678095626062,0.578,999,20000,500,diagnostic,,True,False
post_minus_pre,post_only,pre_only,L_union,L,union,42,131,91,0.07560737172776173,-0.08468558658406636,0.23723230033610035,0.016283835589536007,0.452,999,20000,500,primary_post_minus_pre_L_union_4_scales,0.792,True,False
post_minus_none,post_only,none_observed,E_high,E,high,72,181,884,-0.03421953875993991,-0.12408934427439645,0.05848488795819692,-0.0018983760706148673,0.462,999,20000,500,diagnostic,,True,False
post_minus_none,post_only,none_observed,E_low,E,low,72,181,884,0.021997604501863055,-0.04996862682718869,0.09964904433089013,-0.002286346664012502,0.532,999,20000,500,diagnostic,,True,False
post_minus_none,post_only,none_observed,E_union,E,union,72,181,884,-0.012221934258076841,-0.10589868747443167,0.07975784875466724,-0.004184722734627374,0.877,999,20000,500,diagnostic,,True,False
post_minus_none,post_only,none_observed,R_high,R,high,72,181,884,-0.002078536254312007,-0.012066705858982854,0.0077778513964165885,0.0009009667448835673,0.578,999,20000,500,diagnostic,,True,False
post_minus_none,post_only,none_observed,R_low,R,low,72,181,884,-0.005946692680728001,-0.017393184259498755,0.005213535041846852,-0.0009509881388165725,0.167,999,20000,500,diagnostic,,True,False
post_minus_none,post_only,none_observed,R_union,R,union,72,181,884,-0.008025228935040011,-0.02071910235075883,0.005168320354408849,-5.0021393933004924e-05,0.19,999,20000,500,diagnostic,,True,False
post_minus_none,post_only,none_observed,L_high,L,high,72,181,884,-0.0321410025056279,-0.12029119523962933,0.05941584365514337,-0.0027993428154984346,0.501,999,20000,500,diagnostic,,True,False
post_minus_none,post_only,none_observed,L_low,L,low,72,181,884,0.027944297182591053,-0.04367415863208089,0.10574304996793017,-0.0013353585251959289,0.447,999,20000,500,diagnostic,,True,False
post_minus_none,post_only,none_observed,L_union,L,union,72,181,884,-0.004196705323036856,-0.09593290942617731,0.08521441158580666,-0.004134701340694368,1.0,999,20000,500,diagnostic,,True,False
pre_minus_none,pre_only,none_observed,E_high,E,high,55,110,760,-0.09727879392755825,-0.2074642591345075,0.02084094925980521,-0.009556816788911106,0.129,999,20000,500,diagnostic,,True,False
pre_minus_none,pre_only,none_observed,E_low,E,low,55,110,760,0.010799795948031918,-0.0741417137844772,0.10354089675035441,-0.009035021690997456,0.623,999,20000,500,diagnostic,,True,False
pre_minus_none,pre_only,none_observed,E_union,E,union,55,110,760,-0.08647899797952636,-0.19858994696050292,0.024687885210378933,-0.018591838479908564,0.243,999,20000,500,diagnostic,,True,False
pre_minus_none,pre_only,none_observed,R_high,R,high,55,110,760,-0.0038219122157615647,-0.022226245561708848,0.01253763728482525,-0.0021748187696849245,0.858,999,20000,500,diagnostic,,True,False
pre_minus_none,pre_only,none_observed,R_low,R,low,55,110,760,-0.0034040476196209647,-0.01457073207620268,0.008691388966593099,-0.0010968808218708148,0.64,999,20000,500,diagnostic,,True,False
pre_minus_none,pre_only,none_observed,R_union,R,union,55,110,760,-0.007225959835382532,-0.025966672698821087,0.009814967746566436,-0.00327169959155574,0.665,999,20000,500,diagnostic,,True,False
pre_minus_none,pre_only,none_observed,L_high,L,high,55,110,760,-0.09345688171179675,-0.20321500409720553,0.023038681079879168,-0.007381998019226183,0.129,999,20000,500,diagnostic,,True,False
pre_minus_none,pre_only,none_observed,L_low,L,low,55,110,760,0.014203843567652884,-0.06539104313556265,0.10260824636499916,-0.007938140869126642,0.587,999,20000,500,diagnostic,,True,False
pre_minus_none,pre_only,none_observed,L_union,L,union,55,110,760,-0.0792530381441438,-0.188827374931105,0.029919632862997158,-0.015320138888352822,0.271,999,20000,500,diagnostic,,True,False
post_minus_pre,post_only,pre_only,E_high,E,high,34,82,64,0.1341095074401967,-0.029747779585733172,0.29993229643846797,-0.015331869991417887,0.106,999,20000,1000,diagnostic,,True,False
post_minus_pre,post_only,pre_only,E_low,E,low,34,82,64,0.005384023834500005,-0.13113489487931787,0.14251983753055708,0.013995121461765063,0.884,999,20000,1000,diagnostic,,True,False
post_minus_pre,post_only,pre_only,E_union,E,union,34,82,64,0.13949353127469674,-0.028946364342939103,0.30466144292979774,-0.001336748529652816,0.146,999,20000,1000,diagnostic,,True,False
post_minus_pre,post_only,pre_only,R_high,R,high,34,82,64,0.011306380906665898,-0.006319978817654964,0.030002968015135342,-9.442667372795649e-05,0.266,999,20000,1000,diagnostic,,True,False
post_minus_pre,post_only,pre_only,R_low,R,low,34,82,64,-0.003430729958025148,-0.014398075682892114,0.006589926301662431,0.001836908727444977,0.444,999,20000,1000,diagnostic,,True,False
post_minus_pre,post_only,pre_only,R_union,R,union,34,82,64,0.00787565094864076,-0.010114726354836704,0.026754657793073355,0.0017424820537170252,0.561,999,20000,1000,diagnostic,,True,False
post_minus_pre,post_only,pre_only,L_high,L,high,34,82,64,0.12280312653353083,-0.035584785971445744,0.2820383188338829,-0.015237443317689925,0.126,999,20000,1000,diagnostic,,True,False
post_minus_pre,post_only,pre_only,L_low,L,low,34,82,64,0.008814753792525158,-0.1245249468584887,0.14399309679933972,0.01215821273432008,0.956,999,20000,1000,diagnostic,,True,False
post_minus_pre,post_only,pre_only,L_union,L,union,34,82,64,0.13161788032605595,-0.03300732751066037,0.293428280152168,-0.0030792305833698412,0.166,999,20000,1000,primary_post_minus_pre_L_union_4_scales,0.498,True,False
post_minus_none,post_only,none_observed,E_high,E,high,57,119,555,-0.022099742533609756,-0.1504104248771274,0.11106812816785998,-0.006183461718264792,0.784,999,20000,1000,diagnostic,,True,False
post_minus_none,post_only,none_observed,E_low,E,low,57,119,555,0.021685422671954713,-0.06393043972831086,0.11295110875914538,-0.01134309617665113,0.481,999,20000,1000,diagnostic,,True,False
post_minus_none,post_only,none_observed,E_union,E,union,57,119,555,-0.0004143198616550497,-0.12858829925282197,0.12509271217156942,-0.017526557894915928,0.788,999,20000,1000,diagnostic,,True,False
post_minus_none,post_only,none_observed,R_high,R,high,57,119,555,-0.005228932784820307,-0.020003312200226518,0.008593812189971996,-0.0018264438434944356,0.594,999,20000,1000,diagnostic,,True,False
post_minus_none,post_only,none_observed,R_low,R,low,57,119,555,-0.007933831636438984,-0.0176139119423306,0.0008853858282952358,-0.0015533262699942896,0.062,999,20000,1000,diagnostic,,True,False
post_minus_none,post_only,none_observed,R_union,R,union,57,119,555,-0.013162764421259287,-0.026609021236936863,-0.00013019350080778355,-0.003379770113488723,0.134,999,20000,1000,diagnostic,,True,False
post_minus_none,post_only,none_observed,L_high,L,high,57,119,555,-0.01687080974878944,-0.14198962947913876,0.1144826326970794,-0.004357017874770352,0.807,999,20000,1000,diagnostic,,True,False
post_minus_none,post_only,none_observed,L_low,L,low,57,119,555,0.029619254308393666,-0.055218653185652423,0.11997638045331359,-0.009789769906656844,0.391,999,20000,1000,diagnostic,,True,False
post_minus_none,post_only,none_observed,L_union,L,union,57,119,555,0.012748444559604253,-0.11260957162315682,0.1362497791941583,-0.0141467877814272,0.665,999,20000,1000,diagnostic,,True,False
pre_minus_none,pre_only,none_observed,E_high,E,high,50,84,537,-0.07593644199642058,-0.19894840777477935,0.05087446792545332,0.0019765947120565343,0.232,999,20000,1000,diagnostic,,True,False
pre_minus_none,pre_only,none_observed,E_low,E,low,50,84,537,0.029307387077041967,-0.06874812455265156,0.13346457701607264,-0.014836145725755994,0.362,999,20000,1000,diagnostic,,True,False
pre_minus_none,pre_only,none_observed,E_union,E,union,50,84,537,-0.04662905491937861,-0.166118604915914,0.07234048907456415,-0.012859551013699464,0.623,999,20000,1000,diagnostic,,True,False
pre_minus_none,pre_only,none_observed,R_high,R,high,50,84,537,-0.01499756919004102,-0.03278526448702795,-0.0010252047760101455,-0.0016436290344135913,0.119,999,20000,1000,diagnostic,,True,False
pre_minus_none,pre_only,none_observed,R_low,R,low,50,84,537,-0.0067976033844495435,-0.020656350596592047,0.005055022753908152,-0.003241474855068335,0.549,999,20000,1000,diagnostic,,True,False
pre_minus_none,pre_only,none_observed,R_union,R,union,50,84,537,-0.021795172574490568,-0.04214999355564064,-0.0047261256997560746,-0.004885103889481929,0.048,999,20000,1000,diagnostic,,True,False
pre_minus_none,pre_only,none_observed,L_high,L,high,50,84,537,-0.06093887280637957,-0.1848936789841185,0.06592016861108324,0.0036202237464701245,0.307,999,20000,1000,diagnostic,,True,False
pre_minus_none,pre_only,none_observed,L_low,L,low,50,84,537,0.0361049904614915,-0.05760512424291867,0.1347877649952698,-0.011594670870687664,0.304,999,20000,1000,diagnostic,,True,False
pre_minus_none,pre_only,none_observed,L_union,L,union,50,84,537,-0.02483388234488804,-0.14107911823702357,0.0910143739586987,-0.007974447124217538,0.802,999,20000,1000,diagnostic,,True,False
post_minus_pre,post_only,pre_only,E_high,E,high,22,48,32,-0.0273134468032171,-0.25311456383466635,0.18245950770559294,-0.02250691944658782,0.973,999,20000,2000,diagnostic,,True,False
post_minus_pre,post_only,pre_only,E_low,E,low,22,48,32,0.11747888865251381,-0.1149893469053302,0.35442604245092446,0.02304658730617135,0.354,999,20000,2000,diagnostic,,True,False
post_minus_pre,post_only,pre_only,E_union,E,union,22,48,32,0.09016544184929673,-0.15394822743653833,0.3341737189487631,0.0005396678595835303,0.502,999,20000,2000,diagnostic,,True,False
post_minus_pre,post_only,pre_only,R_high,R,high,22,48,32,-0.0006625347009744918,-0.03875719838020737,0.03659382071600164,0.0009111334899657868,0.918,999,20000,2000,diagnostic,,True,False
post_minus_pre,post_only,pre_only,R_low,R,low,22,48,32,-0.01863302352356282,-0.04584079084869172,0.006708213996666916,-0.0008670981420490596,0.19,999,20000,2000,diagnostic,,True,False
post_minus_pre,post_only,pre_only,R_union,R,union,22,48,32,-0.019295558224537303,-0.05810984365236319,0.01993360924949324,4.4035347916727506e-05,0.265,999,20000,2000,diagnostic,,True,False
post_minus_pre,post_only,pre_only,L_high,L,high,22,48,32,-0.026650912102242606,-0.2463535172481894,0.18279631522989453,-0.023418052936553604,0.973,999,20000,2000,diagnostic,,True,False
post_minus_pre,post_only,pre_only,L_low,L,low,22,48,32,0.13611191217607663,-0.08498682332710146,0.3590539015645076,0.0239136854482204,0.262,999,20000,2000,diagnostic,,True,False
post_minus_pre,post_only,pre_only,L_union,L,union,22,48,32,0.10946100007383404,-0.12490992798104397,0.3429025701569417,0.0004956325116668022,0.396,999,20000,2000,primary_post_minus_pre_L_union_4_scales,0.792,True,False
post_minus_none,post_only,none_observed,E_high,E,high,49,81,334,-0.12012101910916576,-0.2518640901808083,0.02147022517462003,-0.014404808168026358,0.133,999,20000,2000,diagnostic,,True,False
post_minus_none,post_only,none_observed,E_low,E,low,49,81,334,0.10058525946559092,-0.023357874036968825,0.22808112195829738,-0.0039894362462689825,0.095,999,20000,2000,diagnostic,,True,False
post_minus_none,post_only,none_observed,E_union,E,union,49,81,334,-0.019535759643574863,-0.1606504765238387,0.1248912231119766,-0.01839424441429535,0.985,999,20000,2000,diagnostic,,True,False
post_minus_none,post_only,none_observed,R_high,R,high,49,81,334,-0.02297421765711688,-0.04219038900185863,-0.00404293136758532,-0.0030604307323547427,0.017,999,20000,2000,diagnostic,,True,False
post_minus_none,post_only,none_observed,R_low,R,low,49,81,334,-0.007153463835329265,-0.02096069736707155,0.005047971174708593,-0.00220255890169981,0.404,999,20000,2000,diagnostic,,True,False
post_minus_none,post_only,none_observed,R_union,R,union,49,81,334,-0.03012768149244613,-0.046198434989689126,-0.014351424405820159,-0.005262989634054552,0.002,999,20000,2000,diagnostic,,True,False
post_minus_none,post_only,none_observed,L_high,L,high,49,81,334,-0.09714680145204888,-0.22948906314561884,0.044475517491008504,-0.011344377435671618,0.23,999,20000,2000,diagnostic,,True,False
post_minus_none,post_only,none_observed,L_low,L,low,49,81,334,0.10773872330092017,-0.014576304538830133,0.23294290175264165,-0.0017868773445691751,0.077,999,20000,2000,diagnostic,,True,False
post_minus_none,post_only,none_observed,L_union,L,union,49,81,334,0.010591921848871286,-0.13013667627255457,0.15216607581141295,-0.013131254780240794,0.731,999,20000,2000,diagnostic,,True,False
pre_minus_none,pre_only,none_observed,E_high,E,high,34,46,260,-0.09548007674511365,-0.2827809290271531,0.0973911832772608,0.01698891175074092,0.182,999,20000,2000,diagnostic,,True,False
pre_minus_none,pre_only,none_observed,E_low,E,low,34,46,260,0.10981632925630702,-0.037101202838004985,0.2606580264223427,-0.028485650707589,0.06,999,20000,2000,diagnostic,,True,False
pre_minus_none,pre_only,none_observed,E_union,E,union,34,46,260,0.01433625251119338,-0.14379229794940354,0.16825989196184782,-0.011496738956848074,0.778,999,20000,2000,diagnostic,,True,False
pre_minus_none,pre_only,none_observed,R_high,R,high,34,46,260,-0.024083556979037458,-0.05488340725045529,0.0017711389016285928,-0.00267702250086708,0.106,999,20000,2000,diagnostic,,True,False
pre_minus_none,pre_only,none_observed,R_low,R,low,34,46,260,0.0017272864552379244,-0.018571940876116022,0.021045815313585722,-0.002023783677339942,0.685,999,20000,2000,diagnostic,,True,False
pre_minus_none,pre_only,none_observed,R_union,R,union,34,46,260,-0.022356270523799536,-0.05593308099294458,0.00721298342919999,-0.004700806178207021,0.218,999,20000,2000,diagnostic,,True,False
pre_minus_none,pre_only,none_observed,L_high,L,high,34,46,260,-0.07139651976607618,-0.256863002413213,0.1178255882082051,0.019665934251607994,0.288,999,20000,2000,diagnostic,,True,False
pre_minus_none,pre_only,none_observed,L_low,L,low,34,46,260,0.10808904280106907,-0.028788118282729494,0.24846929204994617,-0.026461867030249057,0.067,999,20000,2000,diagnostic,,True,False
pre_minus_none,pre_only,none_observed,L_union,L,union,34,46,260,0.03669252303499291,-0.11075083895013628,0.1782897443696062,-0.00679593277864106,0.637,999,20000,2000,diagnostic,,True,False
