segment_key,track_id,mean_logchl,support,median_log_length,scheme
WA_10SCRO2003F_GPSdata_RS.xlsx|0,WA_10SCRO2003F_GPSdata_RS.xlsx,-1.199803705732138,43.74651881275844,1.710898304539801,rho
WA_10SCRO2003H_GPSdata_RS.xlsx|1,WA_10SCRO2003H_GPSdata_RS.xlsx,-1.6239330332300732,122.75716821689286,0.8126822991623568,rho
WA_10SCRO2003J_GPSdata_RS.xlsx|1,WA_10SCRO2003J_GPSdata_RS.xlsx,-2.043742511718389,29.15803589761913,0.6048327210924257,rho
WA_10SCRO2003K_GPSdata_RS.xlsx|0,WA_10SCRO2003K_GPSdata_RS.xlsx,-1.7533203290288937,16.128062881595724,1.6689002893301697,rho
WA_10SCRO2003U_GPSdata_RS.xlsx|1,WA_10SCRO2003U_GPSdata_RS.xlsx,-2.2732477200358256,16.64146520009467,1.8689187332818762,rho
WA_10SCRO2004T_GPSdata_RS.xlsx|1,WA_10SCRO2004T_GPSdata_RS.xlsx,-1.6230268442952518,2.8382624782899484,1.9094123132075513,rho
WA_10SCRO2005S_GPSdata_RS.xlsx|0,WA_10SCRO2005S_GPSdata_RS.xlsx,-2.0310467282847577,6.418593887461441,2.8298914602935232,rho
WA_Centurion20172018CRO15111_GPSdata_RS.xlsx|1,WA_Centurion20172018CRO15111_GPSdata_RS.xlsx,-1.929762111818096,164.05946491473537,0.28938594509884186,rho
WA_Centurion20172018CRO15121_GPSdata_RS.xlsx|0,WA_Centurion20172018CRO15121_GPSdata_RS.xlsx,-1.708832872973103,166.06308610516498,0.6768935418785995,rho
WA_Centurion20172018CRO15141_GPSdata_RS.xlsx|0,WA_Centurion20172018CRO15141_GPSdata_RS.xlsx,-1.9726331471303824,110.89973564865272,1.9345129463914648,rho
WA_Centurion20172018CRO15151_GPSdata_RS.xlsx|0,WA_Centurion20172018CRO15151_GPSdata_RS.xlsx,-1.903378385664892,3.0791730675573774,1.513362788853788,rho
WA_Centurion20172018CRO15152_GPSdata_RS.xlsx|0,WA_Centurion20172018CRO15152_GPSdata_RS.xlsx,-1.750060164342493,0.2664915929472045,3.329376087858452,rho
WA_Centurion20172018CRO15211_GPSdata_RS.xlsx|0,WA_Centurion20172018CRO15211_GPSdata_RS.xlsx,-1.7759189697252973,376.71901164437395,0.03774954554241153,rho
WA_Centurion20172018CRO15221_GPSdata_RS.xlsx|0,WA_Centurion20172018CRO15221_GPSdata_RS.xlsx,-1.4077054462141516,560.9764980934351,0.6283565912453226,rho
WA_Centurion20172018CRO15231_GPSdata_RS.xlsx|0,WA_Centurion20172018CRO15231_GPSdata_RS.xlsx,-2.016651768056952,530.8558498450539,1.3429617050205889,rho
WA_Centurion20172018CRO15311_GPSdata_RS.xlsx|0,WA_Centurion20172018CRO15311_GPSdata_RS.xlsx,-1.933263137760124,1046.3447864395025,0.7283096756694122,rho
WA_Centurion20172018CRO15321_GPSdata_RS.xlsx|0,WA_Centurion20172018CRO15321_GPSdata_RS.xlsx,-1.6947214374044306,245.25603077618962,0.9554330409933527,rho
WA_Centurion20172018CRO15331_GPSdata_RS.xlsx|0,WA_Centurion20172018CRO15331_GPSdata_RS.xlsx,-2.176948565658952,63.570550195690146,1.0731350237650419,rho
WA_Centurion20172018CRO15332_GPSdata_RS.xlsx|0,WA_Centurion20172018CRO15332_GPSdata_RS.xlsx,-1.7886882448885617,80.84521020128238,0.431120355230717,rho
WA_Centurion20172018CRO15333_GPSdata_RS.xlsx|0,WA_Centurion20172018CRO15333_GPSdata_RS.xlsx,-1.8621716439866485,150.9336431723142,0.5988081633818477,rho
WA_Centurion20172018CRO15411_GPSdata_RS.xlsx|0,WA_Centurion20172018CRO15411_GPSdata_RS.xlsx,-1.6846488723963913,889.2506833895595,0.46076238466409647,rho
WA_Centurion20172018CRO15421_GPSdata_RS.xlsx|0,WA_Centurion20172018CRO15421_GPSdata_RS.xlsx,-2.0981015975092725,82.8265175934614,0.8148281250730903,rho
WA_Centurion20172018CRO15431_GPSdata_RS.xlsx|0,WA_Centurion20172018CRO15431_GPSdata_RS.xlsx,-2.049911252011751,53.314587095155275,1.5753355480546114,rho
WA_Centurion20172018CRO15511_GPSdata_RS.xlsx|0,WA_Centurion20172018CRO15511_GPSdata_RS.xlsx,-2.0968012906798936,147.48787902230606,1.1622286251112517,rho
WA_Centurion20172018CRO15531_GPSdata_RS.xlsx|0,WA_Centurion20172018CRO15531_GPSdata_RS.xlsx,-1.9349503284413496,219.44285267323676,0.989087468225131,rho
WA_Centurion20172018CRO15541_GPSdata_RS.xlsx|0,WA_Centurion20172018CRO15541_GPSdata_RS.xlsx,-1.8472128234051464,-1.2945690843626494,2.383768157918399,rho
WA_Centurion20172018CRO15542_GPSdata_RS.xlsx|0,WA_Centurion20172018CRO15542_GPSdata_RS.xlsx,-1.524720096044292,14.342621839139156,1.9291130305205593,rho
WA_Centurion20172018CRO15611_GPSdata_RS.xlsx|0,WA_Centurion20172018CRO15611_GPSdata_RS.xlsx,-1.7822828590753816,131.54530857980194,1.0484309420016722,rho
WA_Centurion20172018CRO15621_GPSdata_RS.xlsx|0,WA_Centurion20172018CRO15621_GPSdata_RS.xlsx,-2.0425428356504867,23.692448998945792,2.041345681134525,rho
WA_Centurion20172018CRO15631_GPSdata_RS.xlsx|0,WA_Centurion20172018CRO15631_GPSdata_RS.xlsx,-1.7222411698638145,177.82855787273525,0.5832733823340273,rho
WA_Centurion20172018CRO15711_GPSdata_RS.xlsx|0,WA_Centurion20172018CRO15711_GPSdata_RS.xlsx,-2.138544657227864,156.48396119758763,1.7349322117282644,rho
WA_Centurion20172018CRO15821_GPSdata_RS.xlsx|0,WA_Centurion20172018CRO15821_GPSdata_RS.xlsx,-1.6193513898833978,244.97784501237788,0.28832630216704935,rho
WA_Centurion20172018CRO15911_GPSdata_RS.xlsx|0,WA_Centurion20172018CRO15911_GPSdata_RS.xlsx,-1.625307467401968,460.2372386483096,0.15647391143008324,rho
WA_Centurion20182019CRO14011_GPSdata_RS.xlsx|1,WA_Centurion20182019CRO14011_GPSdata_RS.xlsx,-2.3337930359193164,172.38581353248355,2.030382255587675,rho
WA_Centurion20182019CRO18411_GPSdata_RS.xlsx|0,WA_Centurion20182019CRO18411_GPSdata_RS.xlsx,-1.6779447581851583,145.74459026666727,1.489186532084161,rho
WA_Centurion20182019CRO18611_GPSdata_RS.xlsx|1,WA_Centurion20182019CRO18611_GPSdata_RS.xlsx,-2.273176502444941,257.0512772118691,1.5762240951085642,rho
WA_Centurion20182019CRO18621_GPSdata_RS.xlsx|0,WA_Centurion20182019CRO18621_GPSdata_RS.xlsx,-1.0795808181053717,19.32199414443926,1.2011653579806816,rho
WA_Centurion20182019CRO18622_GPSdata_RS.xlsx|0,WA_Centurion20182019CRO18622_GPSdata_RS.xlsx,-0.8043545639280272,39.85576242021182,0.8245306142230289,rho
WA_Centurion20182019CRO18811_GPSdata_RS.xlsx|0,WA_Centurion20182019CRO18811_GPSdata_RS.xlsx,-1.779008714697174,180.3130855760046,1.3933726473584842,rho
WA_Centurion20182019CRO18821_GPSdata_RS.xlsx|1,WA_Centurion20182019CRO18821_GPSdata_RS.xlsx,-2.267210269480945,262.7399521148409,1.6611491060642603,rho
WA_Centurion20182019CRO18911_GPSdata_RS.xlsx|1,WA_Centurion20182019CRO18911_GPSdata_RS.xlsx,-1.9878918975674265,186.6840798347805,2.210632829173525,rho
WA_Centurion20182019CRO18921_GPSdata_RS.xlsx|0,WA_Centurion20182019CRO18921_GPSdata_RS.xlsx,-1.827342797216851,784.7806708546718,1.1653115765481017,rho
WA_Centurion20182019CRO19011_GPSdata_RS.xlsx|0,WA_Centurion20182019CRO19011_GPSdata_RS.xlsx,-2.10810500648244,261.4796858246805,1.5852014572829731,rho
WA_Centurion20182019CRO19021_GPSdata_RS.xlsx|0,WA_Centurion20182019CRO19021_GPSdata_RS.xlsx,-2.239578376574033,233.33284481942314,1.2690965002969832,rho
WA_Centurion20182019CRO19711_GPSdata_RS.xlsx|0,WA_Centurion20182019CRO19711_GPSdata_RS.xlsx,-2.2245719499504317,108.29353187110456,0.6511781950398631,rho
WA_Centurion20182019CRO19721_GPSdata_RS.xlsx|0,WA_Centurion20182019CRO19721_GPSdata_RS.xlsx,-1.6868289904511713,14.446669007591083,1.4080130444350436,rho
WA_Centurion20182019CRO19731_GPSdata_RS.xlsx|0,WA_Centurion20182019CRO19731_GPSdata_RS.xlsx,-1.8321591948609144,151.3873123071587,1.9284180869507919,rho
WA_Centurion20182019CRO19921_GPSdata_RS.xlsx|0,WA_Centurion20182019CRO19921_GPSdata_RS.xlsx,-1.484874511525301,40.04656753014888,0.9588259087459944,rho
WA_Centurion20182019CRO19932_GPSdata_RS.xlsx|1,WA_Centurion20182019CRO19932_GPSdata_RS.xlsx,-0.0991776437384823,31.903759431025037,1.2207008649444502,rho
WA_Centurion20182019CRO19941_GPSdata_RS.xlsx|1,WA_Centurion20182019CRO19941_GPSdata_RS.xlsx,-1.8511106914064492,368.6814387598861,1.2191816755612659,rho
WA_Centurion20182019CRO20111_GPSdata_RS.xlsx|0,WA_Centurion20182019CRO20111_GPSdata_RS.xlsx,-1.5300049984934403,35.669594167127514,2.397483207363093,rho
WA_Centurion20182019CRO20121_GPSdata_RS.xlsx|0,WA_Centurion20182019CRO20121_GPSdata_RS.xlsx,-1.2900556674699375,20.090589926295195,0.7872731151249954,rho
WA_Centurion20182019CRO20131_GPSdata_RS.xlsx|1,WA_Centurion20182019CRO20131_GPSdata_RS.xlsx,-1.3563477994800273,37.241943742995886,2.1661164104658353,rho
WA_Centurion20182019CRO20211_GPSdata_RS.xlsx|1,WA_Centurion20182019CRO20211_GPSdata_RS.xlsx,-2.6772532666158453,119.66330622492364,1.8378136458776817,rho
WA_Centurion20182019CRO20221_GPSdata_RS.xlsx|1,WA_Centurion20182019CRO20221_GPSdata_RS.xlsx,-1.5281163025139246,214.1341760590717,0.9321551511911237,rho
WA_Centurion20182019CRO20321_GPSdata_RS.xlsx|1,WA_Centurion20182019CRO20321_GPSdata_RS.xlsx,-1.407250691255941,223.92904053622647,1.3290130659304005,rho
WA_Centurion20182019CRO20911_GPSdata_RS.xlsx|0,WA_Centurion20182019CRO20911_GPSdata_RS.xlsx,-2.204846642108117,68.69665523953472,1.3148682720355276,rho
WA_Centurion20182019CRO20921_GPSdata_RS.xlsx|1,WA_Centurion20182019CRO20921_GPSdata_RS.xlsx,-1.4173691894027798,101.88391039423061,1.179155531565588,rho
WA_Centurion20182019CRO20931_GPSdata_RS.xlsx|0,WA_Centurion20182019CRO20931_GPSdata_RS.xlsx,-1.4372860423246396,83.89780352765797,1.6811012521652722,rho
WA_Centurion20182019CRO21111_GPSdata_RS.xlsx|0,WA_Centurion20182019CRO21111_GPSdata_RS.xlsx,-1.5171689686285372,319.23859472908,0.8106782954534275,rho
WA_Centurion20182019CRO21121_GPSdata_RS.xlsx|0,WA_Centurion20182019CRO21121_GPSdata_RS.xlsx,-1.627143259700236,56.69576242834614,1.4499460913886875,rho
WA_Centurion20182019CRO21211_GPSdata_RS.xlsx|0,WA_Centurion20182019CRO21211_GPSdata_RS.xlsx,-1.523220064035914,217.52821501508174,1.20178357449205,rho
WA_Centurion20182019CRO21221_GPSdata_RS.xlsx|0,WA_Centurion20182019CRO21221_GPSdata_RS.xlsx,-1.4348777033668827,3.9629643185335226,2.094062945795292,rho
WA_Centurion20182019CRO21222_GPSdata_RS.xlsx|0,WA_Centurion20182019CRO21222_GPSdata_RS.xlsx,-1.7756441903952285,194.28911674060646,0.9080655481036268,rho
WA_Centurion20182019CRO21311_GPSdata_RS.xlsx|0,WA_Centurion20182019CRO21311_GPSdata_RS.xlsx,-1.9696318561643564,736.9125577655645,0.6029902631170174,rho
WA_Centurion20182019CRO21421_GPSdata_RS.xlsx|0,WA_Centurion20182019CRO21421_GPSdata_RS.xlsx,-1.935589241634312,164.03444939703888,0.8513769502008782,rho
WA_Centurion20182019CRO21611_GPSdata_RS.xlsx|0,WA_Centurion20182019CRO21611_GPSdata_RS.xlsx,-1.5940108619143074,102.49558426874046,1.7896090756868066,rho
WA_Centurion20182019CRO21621_GPSdata_RS.xlsx|0,WA_Centurion20182019CRO21621_GPSdata_RS.xlsx,-1.530177857789021,50.80910750066238,1.3541037240919263,rho
WA_Centurion20182019CRO21811_GPSdata_RS.xlsx|0,WA_Centurion20182019CRO21811_GPSdata_RS.xlsx,-2.3001471321893243,17.04780636964631,0.9118917620948288,rho
WA_Centurion20182019CRO21821_GPSdata_RS.xlsx|0,WA_Centurion20182019CRO21821_GPSdata_RS.xlsx,-1.7533401989372537,424.52520518453684,1.0436513564744219,rho
WA_Centurion20182019CRO21831_GPSdata_RS.xlsx|0,WA_Centurion20182019CRO21831_GPSdata_RS.xlsx,-2.198505874784736,103.64570853575992,2.132492147131508,rho
WA_Centurion20182019CRO22011_GPSdata_RS.xlsx|0,WA_Centurion20182019CRO22011_GPSdata_RS.xlsx,-1.90960115815628,456.21139837528244,1.2939393689426786,rho
WA_Centurion20182019CRO22111_GPSdata_RS.xlsx|0,WA_Centurion20182019CRO22111_GPSdata_RS.xlsx,-2.0424993059682914,165.50140282785696,1.817769807932197,rho
WA_Centurion20182019CRO22121_GPSdata_RS.xlsx|0,WA_Centurion20182019CRO22121_GPSdata_RS.xlsx,-1.876664914273092,357.42174571927717,1.175805860921962,rho
WA_Centurion20182019CRO22311_GPSdata_RS.xlsx|0,WA_Centurion20182019CRO22311_GPSdata_RS.xlsx,-1.905892332668239,319.02641596069,0.8125332122777416,rho
WA_Centurion20182019CRO22321_GPSdata_RS.xlsx|0,WA_Centurion20182019CRO22321_GPSdata_RS.xlsx,-1.7945245635641351,366.96612361804546,1.1514048525962775,rho
WA_XGPS20152016CRO10011_GPSdata_RS.xlsx|1,WA_XGPS20152016CRO10011_GPSdata_RS.xlsx,-1.693073716935651,76.9226999843844,0.5569731055676497,rho
WA_XGPS20152016CRO10311_GPSdata_RS.xlsx|1,WA_XGPS20152016CRO10311_GPSdata_RS.xlsx,-1.9681216897741665,338.7455362395583,0.6810873593988424,rho
WA_XGPS20152016CRO10321_GPSdata_RS.xlsx|1,WA_XGPS20152016CRO10321_GPSdata_RS.xlsx,-1.1881393394367392,21.879974549402505,1.5279759089872251,rho
WA_XGPS20152016CRO10331_GPSdata_RS.xlsx|0,WA_XGPS20152016CRO10331_GPSdata_RS.xlsx,-1.9591426983856708,139.60459424558553,0.9513308066926432,rho
WA_XGPS20152016CRO10411_GPSdata_RS.xlsx|0,WA_XGPS20152016CRO10411_GPSdata_RS.xlsx,-1.952431566125336,252.8455725231654,0.3393416324336457,rho
WA_XGPS20152016CRO10421_GPSdata_RS.xlsx|0,WA_XGPS20152016CRO10421_GPSdata_RS.xlsx,-1.5213242506492175,51.867948365163556,1.4647693783418219,rho
WA_XGPS20152016CRO10431_GPSdata_RS.xlsx|0,WA_XGPS20152016CRO10431_GPSdata_RS.xlsx,-1.31676766218733,16.262702750041456,3.015655321221862,rho
WA_XGPS20152016CRO10441_GPSdata_RS.xlsx|1,WA_XGPS20152016CRO10441_GPSdata_RS.xlsx,-2.110847474915947,41.332222820232346,2.7384064640379786,rho
WA_XGPS20152016CRO10621_GPSdata_RS.xlsx|0,WA_XGPS20152016CRO10621_GPSdata_RS.xlsx,-1.5410801078282246,5.406846104050942,1.921544834378211,rho
WA_XGPS20152016CRO10811_GPSdata_RS.xlsx|0,WA_XGPS20152016CRO10811_GPSdata_RS.xlsx,-1.8075896102178184,176.28205991748473,0.21402370279196745,rho
WA_XGPS20152016CRO10821_GPSdata_RS.xlsx|0,WA_XGPS20152016CRO10821_GPSdata_RS.xlsx,-1.9315164405333127,3.0851417233466805,3.215797420037898,rho
WA_XGPS20152016CRO10911_GPSdata_RS.xlsx|1,WA_XGPS20152016CRO10911_GPSdata_RS.xlsx,-0.510309428174405,85.83035716287486,1.1026641037824825,rho
WA_XGPS20152016CRO20011_GPSdata_RS.xlsx|0,WA_XGPS20152016CRO20011_GPSdata_RS.xlsx,-1.1944124375155738,274.7867751891588,1.5229110508453678,rho
WA_XGPS20152016CRO20111_GPSdata_RS.xlsx|0,WA_XGPS20152016CRO20111_GPSdata_RS.xlsx,-1.437476546591939,118.43193785401479,2.33371827338771,rho
WA_XGPS20152016CRO20131_GPSdata_RS.xlsx|0,WA_XGPS20152016CRO20131_GPSdata_RS.xlsx,-1.7168135417611676,150.26846322170275,1.5391036204160646,rho
WA_XGPS20152016CRO20311_GPSdata_RS.xlsx|0,WA_XGPS20152016CRO20311_GPSdata_RS.xlsx,-1.8947883467430335,20.932822929395,0.3548173558001765,rho
WA_XGPS20152016CRO20321_GPSdata_RS.xlsx|0,WA_XGPS20152016CRO20321_GPSdata_RS.xlsx,-1.94588204567715,134.05986699298126,1.2171789565414388,rho
WA_XGPS20152016CRO20331_GPSdata_RS.xlsx|0,WA_XGPS20152016CRO20331_GPSdata_RS.xlsx,-1.3855399583587764,144.1462140158808,1.9000289888060058,rho
WA_XGPS20152016CRO20341_GPSdata_RS.xlsx|1,WA_XGPS20152016CRO20341_GPSdata_RS.xlsx,-2.004394537980738,84.80404309759024,2.3431172112054215,rho
WA_XGPS20152016CRO20511_GPSdata_RS.xlsx|0,WA_XGPS20152016CRO20511_GPSdata_RS.xlsx,-2.0469873864482224,156.1516976817104,0.7129221441055896,rho
WA_XGPS20152016CRO20521_GPSdata_RS.xlsx|0,WA_XGPS20152016CRO20521_GPSdata_RS.xlsx,-1.5309147115369717,65.41844931374635,1.7779970283249997,rho
WA_XGPS20152016CRO20621_GPSdata_RS.xlsx|1,WA_XGPS20152016CRO20621_GPSdata_RS.xlsx,-1.799301556848072,33.435129541545734,1.587360614907209,rho
WA_XGPS20152016CRO20911_GPSdata_RS.xlsx|0,WA_XGPS20152016CRO20911_GPSdata_RS.xlsx,-1.669253555180237,125.4396270058503,1.6779152399931458,rho
WA_XGPS20152016CRO20921_GPSdata_RS.xlsx|0,WA_XGPS20152016CRO20921_GPSdata_RS.xlsx,-1.5210429901338982,95.61538441687674,1.9268453584121645,rho
WA_XGPS20152016CRO21131_GPSdata_RS.xlsx|0,WA_XGPS20152016CRO21131_GPSdata_RS.xlsx,-1.8994310016509557,150.89613834996908,2.1482147033720485,rho
WA_XGPS20162017CRO10211_GPSdata_RS.xlsx|0,WA_XGPS20162017CRO10211_GPSdata_RS.xlsx,-1.774387774175961,229.3398773786107,0.9326475634165138,rho
WA_XGPS20162017CRO10221_GPSdata_RS.xlsx|0,WA_XGPS20162017CRO10221_GPSdata_RS.xlsx,-1.7654508158338604,152.42435999733266,0.7322178143187671,rho
WA_XGPS20162017CRO10231_GPSdata_RS.xlsx|0,WA_XGPS20162017CRO10231_GPSdata_RS.xlsx,-1.9198151087495845,227.1237612353625,1.5837340062660978,rho
WA_XGPS20162017CRO10321_GPSdata_RS.xlsx|0,WA_XGPS20162017CRO10321_GPSdata_RS.xlsx,-1.3414300958288945,97.39904168755129,0.704596509805757,rho
WA_XGPS20162017CRO10331_GPSdata_RS.xlsx|0,WA_XGPS20162017CRO10331_GPSdata_RS.xlsx,-2.002043936600455,65.20863083510562,2.2204536195491937,rho
WA_XGPS20162017CRO10411_GPSdata_RS.xlsx|0,WA_XGPS20162017CRO10411_GPSdata_RS.xlsx,-2.138475238950863,27.712996615188786,2.556045335552672,rho
WA_XGPS20162017CRO10421_GPSdata_RS.xlsx|0,WA_XGPS20162017CRO10421_GPSdata_RS.xlsx,-1.7273299566304816,252.99178384434435,1.659081102093169,rho
WA_XGPS20162017CRO10431_GPSdata_RS.xlsx|0,WA_XGPS20162017CRO10431_GPSdata_RS.xlsx,-1.6024166857578268,67.79047268820955,0.8381189822908024,rho
WA_XGPS20162017CRO10621_GPSdata_RS.xlsx|0,WA_XGPS20162017CRO10621_GPSdata_RS.xlsx,-1.7153031946578186,17.593177115038998,2.0205902984632518,rho
WA_XGPS20162017CRO10631_GPSdata_RS.xlsx|0,WA_XGPS20162017CRO10631_GPSdata_RS.xlsx,-1.5404553182625298,144.656929170254,1.7767866157190482,rho
WA_XGPS20162017CRO20121_GPSdata_RS.xlsx|0,WA_XGPS20162017CRO20121_GPSdata_RS.xlsx,-1.9767716318981745,13.134949551147201,3.1959701251475487,rho
WA_XGPS20162017CRO20221_GPSdata_RS.xlsx|0,WA_XGPS20162017CRO20221_GPSdata_RS.xlsx,-1.8906274116796635,30.595961257291265,3.1038516238141156,rho
WA_XGPS20162017CRO20321_GPSdata_RS.xlsx|0,WA_XGPS20162017CRO20321_GPSdata_RS.xlsx,-1.6076016803616937,38.4787012163074,1.6139087527338516,rho
WA_XGPS20162017CRO20411_GPSdata_RS.xlsx|0,WA_XGPS20162017CRO20411_GPSdata_RS.xlsx,-1.6519775062229491,345.44844374890295,1.4321116015875681,rho
WA_XGPS20162017CRO20921_GPSdata_RS.xlsx|0,WA_XGPS20162017CRO20921_GPSdata_RS.xlsx,-1.7379876189481276,16.57225082884014,1.3763851234097726,rho
WA_XGPS20162017CRO20931_GPSdata_RS.xlsx|0,WA_XGPS20162017CRO20931_GPSdata_RS.xlsx,-1.8244827174445823,80.72292254171134,2.2183424747802074,rho
WA_XGPS20172018CRO10211_GPSdata_RS.xlsx|0,WA_XGPS20172018CRO10211_GPSdata_RS.xlsx,-1.912525732351072,30.870067940248873,1.4684511631365562,rho
WA_XGPS20172018CRO10311_GPSdata_RS.xlsx|0,WA_XGPS20172018CRO10311_GPSdata_RS.xlsx,-2.064277307356909,228.56835740977795,0.5926117013825525,rho
WA_XGPS20172018CRO10321_GPSdata_RS.xlsx|0,WA_XGPS20172018CRO10321_GPSdata_RS.xlsx,-1.8461112415641492,83.88002726450316,1.1553527584402161,rho
WA_XGPS20172018CRO10331_GPSdata_RS.xlsx|0,WA_XGPS20172018CRO10331_GPSdata_RS.xlsx,-1.2887904122191471,7.531743230373081,1.2541062481702703,rho
WA_XGPS20172018CRO10411_GPSdata_RS.xlsx|0,WA_XGPS20172018CRO10411_GPSdata_RS.xlsx,-1.994171171167645,97.26764532396021,1.1803071361923458,rho
WA_XGPS20172018CRO10421_GPSdata_RS.xlsx|0,WA_XGPS20172018CRO10421_GPSdata_RS.xlsx,-1.7446673562077986,293.39023528169446,0.9006371738556704,rho
WA_XGPS20172018CRO10611_GPSdata_RS.xlsx|0,WA_XGPS20172018CRO10611_GPSdata_RS.xlsx,-2.048691790144181,432.8887540608614,1.0509310402499508,rho
WA_XGPS20172018CRO20111_GPSdata_RS.xlsx|0,WA_XGPS20172018CRO20111_GPSdata_RS.xlsx,-2.022367689755649,71.91161831538761,2.4678079006097193,rho
WA_XGPS20172018CRO20411_GPSdata_RS.xlsx|0,WA_XGPS20172018CRO20411_GPSdata_RS.xlsx,-1.8172830449182291,208.60174761273493,1.2228700173466311,rho
WA_XGPS20172018CRO20911_GPSdata_RS.xlsx|0,WA_XGPS20172018CRO20911_GPSdata_RS.xlsx,-1.9941514635237625,1000.9871644495433,0.8996590717409021,rho
WA_XGPS20172018CRO20922_GPSdata_RS.xlsx|0,WA_XGPS20172018CRO20922_GPSdata_RS.xlsx,-1.2510006646451768,69.36546267993526,0.7123828327746357,rho
WA_Xspoutnik20172018CRO10911_GPSdata_RS.xlsx|0,WA_Xspoutnik20172018CRO10911_GPSdata_RS.xlsx,-1.973996136920092,293.5290305250644,1.2152532613708575,rho
